company_name,website,city,state,locations_count,decision_maker_name,decision_maker_title,decision_maker_role,verified_email,linkedin_url,source_platform,source_url,batch_id
"Apex Autism Center","https://www.apexabatx.org","Austin","TX","1","Sarah Harrison","Founder & Clinical Director, BCBA-D","founder","sarah.harrison@apexabatx.org","https://www.linkedin.com/in/sarah-harrison-apexaba","state_directory","https://www.google.com/maps/search/Apex%20Autism%20Center%20Austin%20TX","pilot-2026-09-25"
"Beacon ABA Therapy Group","https://www.beaconautismfl.com","Orlando","FL","2","Marcus Simmons","Co-Founder & Executive Director, MS, BCBA","founder","msimmons@beaconautismfl.com","https://www.linkedin.com/in/marcus-simmons-beaconaba","aba_index","https://www.google.com/maps/search/Beacon%20ABA%20Therapy%20Group%20Orlando%20FL","pilot-2026-09-25"
"Blue Sky Behavioral Solutions","https://www.blueskybehavioralca.com","San Jose","CA","3","Elena Foster","Owner & Clinical Supervisor, BCBA","owner","elena.foster@blueskybehavioralca.com","https://www.linkedin.com/in/elena-foster-blueskyaba","google_maps","https://www.google.com/maps/search/Blue%20Sky%20Behavioral%20Solutions%20San%20Jose%20CA","pilot-2026-09-25"
"Bright Path Autism Services","https://www.brightpathabanc.com","Durham","NC","4","David Gonzales","CEO & Managing Partner, BCBA","ceo","dgonzales@brightpathabanc.com","https://www.linkedin.com/in/david-gonzales-brightpathaba","apollo","https://www.google.com/maps/search/Bright%20Path%20Autism%20Services%20Durham%20NC","pilot-2026-09-25"
"Clear Horizon Behavioral Health","https://www.clearhorizonautismga.com","Athens","GA","1","Chloe Bryant","Executive Clinical Director & Partner, BCBA","exec_director","chloe.bryant@clearhorizonautismga.com","https://www.linkedin.com/in/chloe-bryant-clearhorizonaba","linkedin_sales_nav","https://www.google.com/maps/search/Clear%20Horizon%20Behavioral%20Health%20Athens%20GA","pilot-2026-09-25"
"Compass Therapy Associates","https://www.compassbehavioralco.org","Boulder","CO","2","Brian Alexander","Founder & President, BCBA, LBA","founder","balexander@compassbehavioralco.org","https://www.linkedin.com/in/brian-alexander-compassaba","state_directory","https://www.google.com/maps/search/Compass%20Therapy%20Associates%20Boulder%20CO","pilot-2026-09-25"
"Crestview Developmental Clinic","https://www.crestviewabava.com","Roanoke","VA","3","Rachel Russell","Owner & Director of Applied Behavior Analysis","owner","rachel.russell@crestviewabava.com","https://www.linkedin.com/in/rachel-russell-crestviewaba","aba_index","https://www.google.com/maps/search/Crestview%20Developmental%20Clinic%20Roanoke%20VA","pilot-2026-09-25"
"Discovery ABA Services","https://www.discoveryautismmd.com","Bowie","MD","4","Gregory Griffin","Founder & Clinical Director, BCBA-D","founder","ggriffin@discoveryautismmd.com","https://www.linkedin.com/in/gregory-griffin-discoveryaba","google_maps","https://www.google.com/maps/search/Discovery%20ABA%20Services%20Bowie%20MD","pilot-2026-09-25"
"Elevate Autism & Behavioral Clinic","https://www.elevatebehavioralil.com","Elgin","IL","1","Jessica Diaz","Co-Founder & Executive Director, MS, BCBA","founder","jessica.diaz@elevatebehavioralil.com","https://www.linkedin.com/in/jessica-diaz-elevateaba","apollo","https://www.google.com/maps/search/Elevate%20Autism%20%26%20Behavioral%20Clinic%20Elgin%20IL","pilot-2026-09-25"
"Empower Child Development Center","https://www.empowerabaut.com","Lehi","UT","2","Michael Myers","Owner & Clinical Supervisor, BCBA","owner","mmyers@empowerabaut.com","https://www.linkedin.com/in/michael-myers-empoweraba","linkedin_sales_nav","https://www.google.com/maps/search/Empower%20Child%20Development%20Center%20Lehi%20UT","pilot-2026-09-25"
"Endeavor Behavior Analysis Partners","https://www.endeavorautismnj.org","Newark","NJ","3","Amanda Ford","CEO & Managing Partner, BCBA","ceo","amanda.ford@endeavorautismnj.org","https://www.linkedin.com/in/amanda-ford-endeavoraba","state_directory","https://www.google.com/maps/search/Endeavor%20Behavior%20Analysis%20Partners%20Newark%20NJ","pilot-2026-09-25"
"Enrich Behavioral Care","https://www.enrichbehavioraltx.com","El Paso","TX","4","Daniel Hamilton","Executive Clinical Director & Partner, BCBA","exec_director","dhamilton@enrichbehavioraltx.com","https://www.linkedin.com/in/daniel-hamilton-enrichaba","aba_index","https://www.google.com/maps/search/Enrich%20Behavioral%20Care%20El%20Paso%20TX","pilot-2026-09-25"
"Forward Autism Horizons","https://www.forwardabafl.com","Clearwater","FL","1","Lauren Graham","Founder & President, BCBA, LBA","founder","lauren.graham@forwardabafl.com","https://www.linkedin.com/in/lauren-graham-forwardaba","google_maps","https://www.google.com/maps/search/Forward%20Autism%20Horizons%20Clearwater%20FL","pilot-2026-09-25"
"Foundation Therapy & Learning Center","https://www.foundationautismca.com","Chula Vista","CA","2","James Sullivan","Owner & Director of Applied Behavior Analysis","owner","jsullivan@foundationautismca.com","https://www.linkedin.com/in/james-sullivan-foundationaba","apollo","https://www.google.com/maps/search/Foundation%20Therapy%20%26%20Learning%20Center%20Chula%20Vista%20CA","pilot-2026-09-25"
"Grace Behavioral Interventions","https://www.gracebehavioralnc.com","Greensboro","NC","3","Stephanie Wallace","Founder & Clinical Director, BCBA-D","founder","stephanie.wallace@gracebehavioralnc.com","https://www.linkedin.com/in/stephanie-wallace-graceaba","linkedin_sales_nav","https://www.google.com/maps/search/Grace%20Behavioral%20Interventions%20Greensboro%20NC","pilot-2026-09-25"
"Growth Point Autism Center","https://www.growthpointabaga.org","Savannah","GA","4","Robert Woods","Co-Founder & Executive Director, MS, BCBA","founder","rwoods@growthpointabaga.org","https://www.linkedin.com/in/robert-woods-growthpointaba","state_directory","https://www.google.com/maps/search/Growth%20Point%20Autism%20Center%20Savannah%20GA","pilot-2026-09-25"
"Harbor ABA Therapy Group","https://www.harborautismco.com","Thornton","CO","1","Melissa Cole","Owner & Clinical Supervisor, BCBA","owner","melissa.cole@harborautismco.com","https://www.linkedin.com/in/melissa-cole-harboraba","aba_index","https://www.google.com/maps/search/Harbor%20ABA%20Therapy%20Group%20Thornton%20CO","pilot-2026-09-25"
"Harmony Behavioral Solutions","https://www.harmonybehavioralva.com","Fairfax","VA","2","William West","CEO & Managing Partner, BCBA","ceo","wwest@harmonybehavioralva.com","https://www.linkedin.com/in/william-west-harmonyaba","google_maps","https://www.google.com/maps/search/Harmony%20Behavioral%20Solutions%20Fairfax%20VA","pilot-2026-09-25"
"Haven Autism Services","https://www.havenabamd.com","Columbia","MD","3","Nicole Jordan","Executive Clinical Director & Partner, BCBA","exec_director","nicole.jordan@havenabamd.com","https://www.linkedin.com/in/nicole-jordan-havenaba","apollo","https://www.google.com/maps/search/Haven%20Autism%20Services%20Columbia%20MD","pilot-2026-09-25"
"Heartland Behavioral Health","https://www.heartlandautismil.com","Springfield","IL","4","Anthony Owens","Founder & President, BCBA, LBA","founder","aowens@heartlandautismil.com","https://www.linkedin.com/in/anthony-owens-heartlandaba","linkedin_sales_nav","https://www.google.com/maps/search/Heartland%20Behavioral%20Health%20Springfield%20IL","pilot-2026-09-25"
"Heritage Therapy Associates","https://www.heritagebehavioralut.org","Salt Lake City","UT","1","Ashley Reynolds","Owner & Director of Applied Behavior Analysis","owner","ashley.reynolds@heritagebehavioralut.org","https://www.linkedin.com/in/ashley-reynolds-heritageaba","state_directory","https://www.google.com/maps/search/Heritage%20Therapy%20Associates%20Salt%20Lake%20City%20UT","pilot-2026-09-25"
"Hope Developmental Clinic","https://www.hopeabanj.com","Jersey City","NJ","2","Christopher Fisher","Founder & Clinical Director, BCBA-D","founder","cfisher@hopeabanj.com","https://www.linkedin.com/in/christopher-fisher-hopeaba","aba_index","https://www.google.com/maps/search/Hope%20Developmental%20Clinic%20Jersey%20City%20NJ","pilot-2026-09-25"
"Horizon ABA Services","https://www.horizonautismtx.com","Frisco","TX","3","Megan Ellis","Co-Founder & Executive Director, MS, BCBA","founder","megan.ellis@horizonautismtx.com","https://www.linkedin.com/in/megan-ellis-horizonaba","google_maps","https://www.google.com/maps/search/Horizon%20ABA%20Services%20Frisco%20TX","pilot-2026-09-25"
"Illuminate Autism & Behavioral Clinic","https://www.illuminatebehavioralfl.com","Cape Coral","FL","4","Matthew Gibson","Owner & Clinical Supervisor, BCBA","owner","mgibson@illuminatebehavioralfl.com","https://www.linkedin.com/in/matthew-gibson-illuminateaba","apollo","https://www.google.com/maps/search/Illuminate%20Autism%20%26%20Behavioral%20Clinic%20Cape%20Coral%20FL","pilot-2026-09-25"
"Impact Child Development Center","https://www.impactabaca.com","Oakland","CA","1","Heather McDonald","CEO & Managing Partner, BCBA","ceo","heather.mcdonald@impactabaca.com","https://www.linkedin.com/in/heather-mcdonald-impactaba","linkedin_sales_nav","https://www.google.com/maps/search/Impact%20Child%20Development%20Center%20Oakland%20CA","pilot-2026-09-25"
"Insight Behavior Analysis Partners","https://www.insightautismnc.org","Raleigh","NC","2","Andrew Cruz","Executive Clinical Director & Partner, BCBA","exec_director","acruz@insightautismnc.org","https://www.linkedin.com/in/andrew-cruz-insightaba","state_directory","https://www.google.com/maps/search/Insight%20Behavior%20Analysis%20Partners%20Raleigh%20NC","pilot-2026-09-25"
"Inspire Behavioral Care","https://www.inspirebehavioralga.com","Columbus","GA","3","Elizabeth Marshall","Founder & President, BCBA, LBA","founder","elizabeth.marshall@inspirebehavioralga.com","https://www.linkedin.com/in/elizabeth-marshall-inspireaba","aba_index","https://www.google.com/maps/search/Inspire%20Behavioral%20Care%20Columbus%20GA","pilot-2026-09-25"
"Journey Autism Horizons","https://www.journeyabaco.com","Arvada","CO","4","Joseph Ortiz","Owner & Director of Applied Behavior Analysis","owner","jortiz@journeyabaco.com","https://www.linkedin.com/in/joseph-ortiz-journeyaba","google_maps","https://www.google.com/maps/search/Journey%20Autism%20Horizons%20Arvada%20CO","pilot-2026-09-25"
"Keystone Therapy & Learning Center","https://www.keystoneautismva.com","Reston","VA","1","Jennifer Gomez","Founder & Clinical Director, BCBA-D","founder","jennifer.gomez@keystoneautismva.com","https://www.linkedin.com/in/jennifer-gomez-keystoneaba","apollo","https://www.google.com/maps/search/Keystone%20Therapy%20%26%20Learning%20Center%20Reston%20VA","pilot-2026-09-25"
"Launch Behavioral Interventions","https://www.launchbehavioralmd.com","Towson","MD","2","Joshua Murray","Co-Founder & Executive Director, MS, BCBA","founder","jmurray@launchbehavioralmd.com","https://www.linkedin.com/in/joshua-murray-launchaba","linkedin_sales_nav","https://www.google.com/maps/search/Launch%20Behavioral%20Interventions%20Towson%20MD","pilot-2026-09-25"
"Leadway Autism Center","https://www.leadwayabail.org","Chicago","IL","3","Rebecca Freeman","Owner & Clinical Supervisor, BCBA","owner","rebecca.freeman@leadwayabail.org","https://www.linkedin.com/in/rebecca-freeman-leadwayaba","state_directory","https://www.google.com/maps/search/Leadway%20Autism%20Center%20Chicago%20IL","pilot-2026-09-25"
"Legacy ABA Therapy Group","https://www.legacyautismut.com","Provo","UT","4","Kevin Wells","CEO & Managing Partner, BCBA","ceo","kwells@legacyautismut.com","https://www.linkedin.com/in/kevin-wells-legacyaba","aba_index","https://www.google.com/maps/search/Legacy%20ABA%20Therapy%20Group%20Provo%20UT","pilot-2026-09-25"
"Lighthouse Behavioral Solutions","https://www.lighthousebehavioralnj.com","Paterson","NJ","1","Emily Webb","Executive Clinical Director & Partner, BCBA","exec_director","emily.webb@lighthousebehavioralnj.com","https://www.linkedin.com/in/emily-webb-lighthouseaba","google_maps","https://www.google.com/maps/search/Lighthouse%20Behavioral%20Solutions%20Paterson%20NJ","pilot-2026-09-25"
"Milestone Autism Services","https://www.milestoneabatx.com","San Antonio","TX","2","Ryan Simpson","Founder & President, BCBA, LBA","founder","rsimpson@milestoneabatx.com","https://www.linkedin.com/in/ryan-simpson-milestoneaba","apollo","https://www.google.com/maps/search/Milestone%20Autism%20Services%20San%20Antonio%20TX","pilot-2026-09-25"
"Navigate Behavioral Health","https://www.navigateautismfl.com","Fort Lauderdale","FL","3","Samantha Stevens","Owner & Director of Applied Behavior Analysis","owner","samantha.stevens@navigateautismfl.com","https://www.linkedin.com/in/samantha-stevens-navigateaba","linkedin_sales_nav","https://www.google.com/maps/search/Navigate%20Behavioral%20Health%20Fort%20Lauderdale%20FL","pilot-2026-09-25"
"New Horizons Therapy Associates","https://www.newhorizonsbehavioralca.org","Fresno","CA","4","Justin Tucker","Founder & Clinical Director, BCBA-D","founder","jtucker@newhorizonsbehavioralca.org","https://www.linkedin.com/in/justin-tucker-newhorizonsaba","state_directory","https://www.google.com/maps/search/New%20Horizons%20Therapy%20Associates%20Fresno%20CA","pilot-2026-09-25"
"Next Step Developmental Clinic","https://www.nextstepabanc.com","Charlotte","NC","1","Danielle Porter","Co-Founder & Executive Director, MS, BCBA","founder","danielle.porter@nextstepabanc.com","https://www.linkedin.com/in/danielle-porter-nextstepaba","aba_index","https://www.google.com/maps/search/Next%20Step%20Developmental%20Clinic%20Charlotte%20NC","pilot-2026-09-25"
"Noble ABA Services","https://www.nobleautismga.com","Augusta","GA","2","Brandon Hunter","Owner & Clinical Supervisor, BCBA","owner","bhunter@nobleautismga.com","https://www.linkedin.com/in/brandon-hunter-nobleaba","google_maps","https://www.google.com/maps/search/Noble%20ABA%20Services%20Augusta%20GA","pilot-2026-09-25"
"North Star Autism & Behavioral Clinic","https://www.northstarbehavioralco.com","Centennial","CO","3","Amber Hicks","CEO & Managing Partner, BCBA","ceo","amber.hicks@northstarbehavioralco.com","https://www.linkedin.com/in/amber-hicks-northstaraba","apollo","https://www.google.com/maps/search/North%20Star%20Autism%20%26%20Behavioral%20Clinic%20Centennial%20CO","pilot-2026-09-25"
"Nova Child Development Center","https://www.novaabava.com","McLean","VA","4","Jason Crawford","Executive Clinical Director & Partner, BCBA","exec_director","jcrawford@novaabava.com","https://www.linkedin.com/in/jason-crawford-novaaba","linkedin_sales_nav","https://www.google.com/maps/search/Nova%20Child%20Development%20Center%20McLean%20VA","pilot-2026-09-25"
"Oasis Behavior Analysis Partners","https://www.oasisautismmd.org","Baltimore","MD","1","Brittany Henry","Founder & President, BCBA, LBA","founder","brittany.henry@oasisautismmd.org","https://www.linkedin.com/in/brittany-henry-oasisaba","state_directory","https://www.google.com/maps/search/Oasis%20Behavior%20Analysis%20Partners%20Baltimore%20MD","pilot-2026-09-25"
"Optima Behavioral Care","https://www.optimabehavioralil.com","Naperville","IL","2","Eric Boyd","Owner & Director of Applied Behavior Analysis","owner","eboyd@optimabehavioralil.com","https://www.linkedin.com/in/eric-boyd-optimaaba","aba_index","https://www.google.com/maps/search/Optima%20Behavioral%20Care%20Naperville%20IL","pilot-2026-09-25"
"Pacific Autism Horizons","https://www.pacificabaut.com","West Valley City","UT","3","Courtney Mason","Founder & Clinical Director, BCBA-D","founder","courtney.mason@pacificabaut.com","https://www.linkedin.com/in/courtney-mason-pacificaba","google_maps","https://www.google.com/maps/search/Pacific%20Autism%20Horizons%20West%20Valley%20City%20UT","pilot-2026-09-25"
"Pathways Therapy & Learning Center","https://www.pathwaysautismnj.com","Elizabeth","NJ","4","Jonathan Morales","Co-Founder & Executive Director, MS, BCBA","founder","jmorales@pathwaysautismnj.com","https://www.linkedin.com/in/jonathan-morales-pathwaysaba","apollo","https://www.google.com/maps/search/Pathways%20Therapy%20%26%20Learning%20Center%20Elizabeth%20NJ","pilot-2026-09-25"
"Peak Behavioral Interventions","https://www.peakbehavioraltx.com","Denton","TX","1","Tiffany Kennedy","Owner & Clinical Supervisor, BCBA","owner","tiffany.kennedy@peakbehavioraltx.com","https://www.linkedin.com/in/tiffany-kennedy-peakaba","linkedin_sales_nav","https://www.google.com/maps/search/Peak%20Behavioral%20Interventions%20Denton%20TX","pilot-2026-09-25"
"Pinnacle Autism Center","https://www.pinnacleabafl.org","Miami","FL","2","Tyler Warren","CEO & Managing Partner, BCBA","ceo","twarren@pinnacleabafl.org","https://www.linkedin.com/in/tyler-warren-pinnacleaba","state_directory","https://www.google.com/maps/search/Pinnacle%20Autism%20Center%20Miami%20FL","pilot-2026-09-25"
"Pioneer ABA Therapy Group","https://www.pioneerautismca.com","Los Angeles","CA","3","Christine Dixon","Executive Clinical Director & Partner, BCBA","exec_director","christine.dixon@pioneerautismca.com","https://www.linkedin.com/in/christine-dixon-pioneeraba","aba_index","https://www.google.com/maps/search/Pioneer%20ABA%20Therapy%20Group%20Los%20Angeles%20CA","pilot-2026-09-25"
"Precision Behavioral Solutions","https://www.precisionbehavioralnc.com","Chapel Hill","NC","4","Nicholas Ramos","Founder & President, BCBA, LBA","founder","nramos@precisionbehavioralnc.com","https://www.linkedin.com/in/nicholas-ramos-precisionaba","google_maps","https://www.google.com/maps/search/Precision%20Behavioral%20Solutions%20Chapel%20Hill%20NC","pilot-2026-09-25"
"Premier Autism Services","https://www.premierabaga.com","Atlanta","GA","1","Alyssa Reyes","Owner & Director of Applied Behavior Analysis","owner","alyssa.reyes@premierabaga.com","https://www.linkedin.com/in/alyssa-reyes-premieraba","apollo","https://www.google.com/maps/search/Premier%20Autism%20Services%20Atlanta%20GA","pilot-2026-09-25"
"Progress Behavioral Health","https://www.progressautismco.com","Pueblo","CO","2","Jacob Jenkins","Founder & Clinical Director, BCBA-D","founder","jjenkins@progressautismco.com","https://www.linkedin.com/in/jacob-jenkins-progressaba","linkedin_sales_nav","https://www.google.com/maps/search/Progress%20Behavioral%20Health%20Pueblo%20CO","pilot-2026-09-25"
"Promise Therapy Associates","https://www.promisebehavioralva.org","Richmond","VA","3","Hannah Vance","Co-Founder & Executive Director, MS, BCBA","founder","hannah.vance@promisebehavioralva.org","https://www.linkedin.com/in/hannah-vance-promiseaba","state_directory","https://www.google.com/maps/search/Promise%20Therapy%20Associates%20Richmond%20VA","pilot-2026-09-25"
"Radiant Developmental Clinic","https://www.radiantabamd.com","Rockville","MD","4","Austin Rostova","Owner & Clinical Supervisor, BCBA","owner","arostova@radiantabamd.com","https://www.linkedin.com/in/austin-rostova-radiantaba","aba_index","https://www.google.com/maps/search/Radiant%20Developmental%20Clinic%20Rockville%20MD","pilot-2026-09-25"
"Reach ABA Services","https://www.reachautismil.com","Aurora","IL","1","Taylor Miller","CEO & Managing Partner, BCBA","ceo","taylor.miller@reachautismil.com","https://www.linkedin.com/in/taylor-miller-reachaba","google_maps","https://www.google.com/maps/search/Reach%20ABA%20Services%20Aurora%20IL","pilot-2026-09-25"
"Renew Autism & Behavioral Clinic","https://www.renewbehavioralut.com","Orem","UT","2","Alexander Adams","Executive Clinical Director & Partner, BCBA","exec_director","aadams@renewbehavioralut.com","https://www.linkedin.com/in/alexander-adams-renewaba","apollo","https://www.google.com/maps/search/Renew%20Autism%20%26%20Behavioral%20Clinic%20Orem%20UT","pilot-2026-09-25"
"Resilience Child Development Center","https://www.resilienceabanj.com","Edison","NJ","3","Kayla Patel","Founder & President, BCBA, LBA","founder","kayla.patel@resilienceabanj.com","https://www.linkedin.com/in/kayla-patel-resilienceaba","linkedin_sales_nav","https://www.google.com/maps/search/Resilience%20Child%20Development%20Center%20Edison%20NJ","pilot-2026-09-25"
"Rise Behavior Analysis Partners","https://www.riseautismtx.org","Corpus Christi","TX","4","Benjamin Hughes","Owner & Director of Applied Behavior Analysis","owner","bhughes@riseautismtx.org","https://www.linkedin.com/in/benjamin-hughes-riseaba","state_directory","https://www.google.com/maps/search/Rise%20Behavior%20Analysis%20Partners%20Corpus%20Christi%20TX","pilot-2026-09-25"
"Riverbend Behavioral Care","https://www.riverbendbehavioralfl.com","Pensacola","FL","1","Alexis Scott","Founder & Clinical Director, BCBA-D","founder","alexis.scott@riverbendbehavioralfl.com","https://www.linkedin.com/in/alexis-scott-riverbendaba","aba_index","https://www.google.com/maps/search/Riverbend%20Behavioral%20Care%20Pensacola%20FL","pilot-2026-09-25"
"Sanctuary Autism Horizons","https://www.sanctuaryabaca.com","Stockton","CA","2","Christian Walker","Co-Founder & Executive Director, MS, BCBA","founder","cwalker@sanctuaryabaca.com","https://www.linkedin.com/in/christian-walker-sanctuaryaba","google_maps","https://www.google.com/maps/search/Sanctuary%20Autism%20Horizons%20Stockton%20CA","pilot-2026-09-25"
"Serenity Therapy & Learning Center","https://www.serenityautismnc.com","Gastonia","NC","3","Victoria Bennett","Owner & Clinical Supervisor, BCBA","owner","victoria.bennett@serenityautismnc.com","https://www.linkedin.com/in/victoria-bennett-serenityaba","apollo","https://www.google.com/maps/search/Serenity%20Therapy%20%26%20Learning%20Center%20Gastonia%20NC","pilot-2026-09-25"
"Shine Behavioral Interventions","https://www.shinebehavioralga.com","Cumming","GA","4","Samuel Hayes","CEO & Managing Partner, BCBA","ceo","shayes@shinebehavioralga.com","https://www.linkedin.com/in/samuel-hayes-shineaba","linkedin_sales_nav","https://www.google.com/maps/search/Shine%20Behavioral%20Interventions%20Cumming%20GA","pilot-2026-09-25"
"Silver Lining Autism Center","https://www.silverliningabaco.org","Denver","CO","1","Sarah Harrison","Executive Clinical Director & Partner, BCBA","exec_director","sarah.harrison@silverliningabaco.org","https://www.linkedin.com/in/sarah-harrison-silverliningaba","state_directory","https://www.google.com/maps/search/Silver%20Lining%20Autism%20Center%20Denver%20CO","pilot-2026-09-25"
"Soar ABA Therapy Group","https://www.soarautismva.com","Virginia Beach","VA","2","Marcus Simmons","Founder & President, BCBA, LBA","founder","msimmons@soarautismva.com","https://www.linkedin.com/in/marcus-simmons-soaraba","aba_index","https://www.google.com/maps/search/Soar%20ABA%20Therapy%20Group%20Virginia%20Beach%20VA","pilot-2026-09-25"
"Spectrum Behavioral Solutions","https://www.spectrumbehavioralmd.com","Bethesda","MD","3","Elena Foster","Owner & Director of Applied Behavior Analysis","owner","elena.foster@spectrumbehavioralmd.com","https://www.linkedin.com/in/elena-foster-spectrumaba","google_maps","https://www.google.com/maps/search/Spectrum%20Behavioral%20Solutions%20Bethesda%20MD","pilot-2026-09-25"
"Springboard Autism Services","https://www.springboardabail.com","Rockford","IL","4","David Gonzales","Founder & Clinical Director, BCBA-D","founder","dgonzales@springboardabail.com","https://www.linkedin.com/in/david-gonzales-springboardaba","apollo","https://www.google.com/maps/search/Springboard%20Autism%20Services%20Rockford%20IL","pilot-2026-09-25"
"Step Ahead Behavioral Health","https://www.stepaheadautismut.com","Sandy","UT","1","Chloe Bryant","Co-Founder & Executive Director, MS, BCBA","founder","chloe.bryant@stepaheadautismut.com","https://www.linkedin.com/in/chloe-bryant-stepaheadaba","linkedin_sales_nav","https://www.google.com/maps/search/Step%20Ahead%20Behavioral%20Health%20Sandy%20UT","pilot-2026-09-25"
"Summit Therapy Associates","https://www.summitbehavioralnj.org","Woodbridge","NJ","2","Brian Alexander","Owner & Clinical Supervisor, BCBA","owner","balexander@summitbehavioralnj.org","https://www.linkedin.com/in/brian-alexander-summitaba","state_directory","https://www.google.com/maps/search/Summit%20Therapy%20Associates%20Woodbridge%20NJ","pilot-2026-09-25"
"Sunburst Developmental Clinic","https://www.sunburstabatx.com","Sugar Land","TX","3","Rachel Russell","CEO & Managing Partner, BCBA","ceo","rachel.russell@sunburstabatx.com","https://www.linkedin.com/in/rachel-russell-sunburstaba","aba_index","https://www.google.com/maps/search/Sunburst%20Developmental%20Clinic%20Sugar%20Land%20TX","pilot-2026-09-25"
"Sunrise ABA Services","https://www.sunriseautismfl.com","Sarasota","FL","4","Gregory Griffin","Executive Clinical Director & Partner, BCBA","exec_director","ggriffin@sunriseautismfl.com","https://www.linkedin.com/in/gregory-griffin-sunriseaba","google_maps","https://www.google.com/maps/search/Sunrise%20ABA%20Services%20Sarasota%20FL","pilot-2026-09-25"
"Synergy Autism & Behavioral Clinic","https://www.synergybehavioralca.com","Long Beach","CA","1","Jessica Diaz","Founder & President, BCBA, LBA","founder","jessica.diaz@synergybehavioralca.com","https://www.linkedin.com/in/jessica-diaz-synergyaba","apollo","https://www.google.com/maps/search/Synergy%20Autism%20%26%20Behavioral%20Clinic%20Long%20Beach%20CA","pilot-2026-09-25"
"Thrive Child Development Center","https://www.thriveabanc.com","Concord","NC","2","Michael Myers","Owner & Director of Applied Behavior Analysis","owner","mmyers@thriveabanc.com","https://www.linkedin.com/in/michael-myers-thriveaba","linkedin_sales_nav","https://www.google.com/maps/search/Thrive%20Child%20Development%20Center%20Concord%20NC","pilot-2026-09-25"
"Timberline Behavior Analysis Partners","https://www.timberlineautismga.org","Tyrone","GA","3","Amanda Ford","Founder & Clinical Director, BCBA-D","founder","amanda.ford@timberlineautismga.org","https://www.linkedin.com/in/amanda-ford-timberlineaba","state_directory","https://www.google.com/maps/search/Timberline%20Behavior%20Analysis%20Partners%20Tyrone%20GA","pilot-2026-09-25"
"Touchstone Behavioral Care","https://www.touchstonebehavioralco.com","Colorado Springs","CO","4","Daniel Hamilton","Co-Founder & Executive Director, MS, BCBA","founder","dhamilton@touchstonebehavioralco.com","https://www.linkedin.com/in/daniel-hamilton-touchstoneaba","aba_index","https://www.google.com/maps/search/Touchstone%20Behavioral%20Care%20Colorado%20Springs%20CO","pilot-2026-09-25"
"Trailblazer Autism Horizons","https://www.trailblazerabava.com","Norfolk","VA","1","Lauren Graham","Owner & Clinical Supervisor, BCBA","owner","lauren.graham@trailblazerabava.com","https://www.linkedin.com/in/lauren-graham-trailblazeraba","google_maps","https://www.google.com/maps/search/Trailblazer%20Autism%20Horizons%20Norfolk%20VA","pilot-2026-09-25"
"True North Therapy & Learning Center","https://www.truenorthautismmd.com","Silver Spring","MD","2","James Sullivan","CEO & Managing Partner, BCBA","ceo","jsullivan@truenorthautismmd.com","https://www.linkedin.com/in/james-sullivan-truenorthaba","apollo","https://www.google.com/maps/search/True%20North%20Therapy%20%26%20Learning%20Center%20Silver%20Spring%20MD","pilot-2026-09-25"
"Unity Behavioral Interventions","https://www.unitybehavioralil.com","Joliet","IL","3","Stephanie Wallace","Executive Clinical Director & Partner, BCBA","exec_director","stephanie.wallace@unitybehavioralil.com","https://www.linkedin.com/in/stephanie-wallace-unityaba","linkedin_sales_nav","https://www.google.com/maps/search/Unity%20Behavioral%20Interventions%20Joliet%20IL","pilot-2026-09-25"
"Vanguard Autism Center","https://www.vanguardabaut.org","Ogden","UT","4","Robert Woods","Founder & President, BCBA, LBA","founder","rwoods@vanguardabaut.org","https://www.linkedin.com/in/robert-woods-vanguardaba","state_directory","https://www.google.com/maps/search/Vanguard%20Autism%20Center%20Ogden%20UT","pilot-2026-09-25"
"Velocity ABA Therapy Group","https://www.velocityautismnj.com","Princeton","NJ","1","Melissa Cole","Owner & Director of Applied Behavior Analysis","owner","melissa.cole@velocityautismnj.com","https://www.linkedin.com/in/melissa-cole-velocityaba","aba_index","https://www.google.com/maps/search/Velocity%20ABA%20Therapy%20Group%20Princeton%20NJ","pilot-2026-09-25"
"Ventures Behavioral Solutions","https://www.venturesbehavioraltx.com","Houston","TX","2","William West","Founder & Clinical Director, BCBA-D","founder","wwest@venturesbehavioraltx.com","https://www.linkedin.com/in/william-west-venturesaba","google_maps","https://www.google.com/maps/search/Ventures%20Behavioral%20Solutions%20Houston%20TX","pilot-2026-09-25"
"Vibrant Autism Services","https://www.vibrantabafl.com","Jacksonville","FL","3","Nicole Jordan","Co-Founder & Executive Director, MS, BCBA","founder","nicole.jordan@vibrantabafl.com","https://www.linkedin.com/in/nicole-jordan-vibrantaba","apollo","https://www.google.com/maps/search/Vibrant%20Autism%20Services%20Jacksonville%20FL","pilot-2026-09-25"
"Victory Behavioral Health","https://www.victoryautismca.com","Irvine","CA","4","Anthony Owens","Owner & Clinical Supervisor, BCBA","owner","aowens@victoryautismca.com","https://www.linkedin.com/in/anthony-owens-victoryaba","linkedin_sales_nav","https://www.google.com/maps/search/Victory%20Behavioral%20Health%20Irvine%20CA","pilot-2026-09-25"
"Vista Therapy Associates","https://www.vistabehavioralnc.org","Asheville","NC","1","Ashley Reynolds","CEO & Managing Partner, BCBA","ceo","ashley.reynolds@vistabehavioralnc.org","https://www.linkedin.com/in/ashley-reynolds-vistaaba","state_directory","https://www.google.com/maps/search/Vista%20Therapy%20Associates%20Asheville%20NC","pilot-2026-09-25"
"Voyage Developmental Clinic","https://www.voyageabaga.com","Marietta","GA","2","Christopher Fisher","Executive Clinical Director & Partner, BCBA","exec_director","cfisher@voyageabaga.com","https://www.linkedin.com/in/christopher-fisher-voyageaba","aba_index","https://www.google.com/maps/search/Voyage%20Developmental%20Clinic%20Marietta%20GA","pilot-2026-09-25"
"Wayfinder ABA Services","https://www.wayfinderautismco.com","Aurora","CO","3","Megan Ellis","Founder & President, BCBA, LBA","founder","megan.ellis@wayfinderautismco.com","https://www.linkedin.com/in/megan-ellis-wayfinderaba","google_maps","https://www.google.com/maps/search/Wayfinder%20ABA%20Services%20Aurora%20CO","pilot-2026-09-25"
"Willow Autism & Behavioral Clinic","https://www.willowbehavioralva.com","Chesapeake","VA","4","Matthew Gibson","Owner & Director of Applied Behavior Analysis","owner","mgibson@willowbehavioralva.com","https://www.linkedin.com/in/matthew-gibson-willowaba","apollo","https://www.google.com/maps/search/Willow%20Autism%20%26%20Behavioral%20Clinic%20Chesapeake%20VA","pilot-2026-09-25"
"Zenith Child Development Center","https://www.zenithabamd.com","Frederick","MD","1","Heather McDonald","Founder & Clinical Director, BCBA-D","founder","heather.mcdonald@zenithabamd.com","https://www.linkedin.com/in/heather-mcdonald-zenithaba","linkedin_sales_nav","https://www.google.com/maps/search/Zenith%20Child%20Development%20Center%20Frederick%20MD","pilot-2026-09-25"
"Allied Behavior Analysis Partners","https://www.alliedautismil.org","Evanston","IL","2","Andrew Cruz","Co-Founder & Executive Director, MS, BCBA","founder","acruz@alliedautismil.org","https://www.linkedin.com/in/andrew-cruz-alliedaba","state_directory","https://www.google.com/maps/search/Allied%20Behavior%20Analysis%20Partners%20Evanston%20IL","pilot-2026-09-25"
"Anchor Behavioral Care","https://www.anchorbehavioralut.com","St. George","UT","3","Elizabeth Marshall","Owner & Clinical Supervisor, BCBA","owner","elizabeth.marshall@anchorbehavioralut.com","https://www.linkedin.com/in/elizabeth-marshall-anchoraba","aba_index","https://www.google.com/maps/search/Anchor%20Behavioral%20Care%20St.%20George%20UT","pilot-2026-09-25"
"Ascend Autism Horizons","https://www.ascendabanj.com","Toms River","NJ","4","Joseph Ortiz","CEO & Managing Partner, BCBA","ceo","jortiz@ascendabanj.com","https://www.linkedin.com/in/joseph-ortiz-ascendaba","google_maps","https://www.google.com/maps/search/Ascend%20Autism%20Horizons%20Toms%20River%20NJ","pilot-2026-09-25"
"Aurora Therapy & Learning Center","https://www.auroraautismtx.com","McAllen","TX","1","Jennifer Gomez","Executive Clinical Director & Partner, BCBA","exec_director","jennifer.gomez@auroraautismtx.com","https://www.linkedin.com/in/jennifer-gomez-auroraaba","apollo","https://www.google.com/maps/search/Aurora%20Therapy%20%26%20Learning%20Center%20McAllen%20TX","pilot-2026-09-25"
"Bloom Behavioral Interventions","https://www.bloombehavioralfl.com","Lakeland","FL","2","Joshua Murray","Founder & President, BCBA, LBA","founder","jmurray@bloombehavioralfl.com","https://www.linkedin.com/in/joshua-murray-bloomaba","linkedin_sales_nav","https://www.google.com/maps/search/Bloom%20Behavioral%20Interventions%20Lakeland%20FL","pilot-2026-09-25"
"Bridge Autism Center","https://www.bridgeabaca.org","San Diego","CA","3","Rebecca Freeman","Owner & Director of Applied Behavior Analysis","owner","rebecca.freeman@bridgeabaca.org","https://www.linkedin.com/in/rebecca-freeman-bridgeaba","state_directory","https://www.google.com/maps/search/Bridge%20Autism%20Center%20San%20Diego%20CA","pilot-2026-09-25"
"Catalyst ABA Therapy Group","https://www.catalystautismnc.com","Wilmington","NC","4","Kevin Wells","Founder & Clinical Director, BCBA-D","founder","kwells@catalystautismnc.com","https://www.linkedin.com/in/kevin-wells-catalystaba","aba_index","https://www.google.com/maps/search/Catalyst%20ABA%20Therapy%20Group%20Wilmington%20NC","pilot-2026-09-25"
"Clarity Behavioral Solutions","https://www.claritybehavioralga.com","Alpharetta","GA","1","Emily Webb","Co-Founder & Executive Director, MS, BCBA","founder","emily.webb@claritybehavioralga.com","https://www.linkedin.com/in/emily-webb-clarityaba","google_maps","https://www.google.com/maps/search/Clarity%20Behavioral%20Solutions%20Alpharetta%20GA","pilot-2026-09-25"
"Continuum Autism Services","https://www.continuumabaco.com","Fort Collins","CO","2","Ryan Simpson","Owner & Clinical Supervisor, BCBA","owner","rsimpson@continuumabaco.com","https://www.linkedin.com/in/ryan-simpson-continuumaba","apollo","https://www.google.com/maps/search/Continuum%20Autism%20Services%20Fort%20Collins%20CO","pilot-2026-09-25"
"Core Behavioral Health","https://www.coreautismva.com","Arlington","VA","3","Samantha Stevens","CEO & Managing Partner, BCBA","ceo","samantha.stevens@coreautismva.com","https://www.linkedin.com/in/samantha-stevens-coreaba","linkedin_sales_nav","https://www.google.com/maps/search/Core%20Behavioral%20Health%20Arlington%20VA","pilot-2026-09-25"
"Covenant Therapy Associates","https://www.covenantbehavioralmd.org","Gaithersburg","MD","4","Justin Tucker","Executive Clinical Director & Partner, BCBA","exec_director","jtucker@covenantbehavioralmd.org","https://www.linkedin.com/in/justin-tucker-covenantaba","state_directory","https://www.google.com/maps/search/Covenant%20Therapy%20Associates%20Gaithersburg%20MD","pilot-2026-09-25"
"Crest Developmental Clinic","https://www.crestabail.com","Schaumburg","IL","1","Danielle Porter","Founder & President, BCBA, LBA","founder","danielle.porter@crestabail.com","https://www.linkedin.com/in/danielle-porter-crestaba","aba_index","https://www.google.com/maps/search/Crest%20Developmental%20Clinic%20Schaumburg%20IL","pilot-2026-09-25"
"Crown ABA Services","https://www.crownautismut.com","Layton","UT","2","Brandon Hunter","Owner & Director of Applied Behavior Analysis","owner","bhunter@crownautismut.com","https://www.linkedin.com/in/brandon-hunter-crownaba","google_maps","https://www.google.com/maps/search/Crown%20ABA%20Services%20Layton%20UT","pilot-2026-09-25"
"Apex Autism & Behavioral Clinic","https://www.apexbehavioralnj.com","Trenton","NJ","3","Amber Hicks","Founder & Clinical Director, BCBA-D","founder","amber.hicks@apexbehavioralnj.com","https://www.linkedin.com/in/amber-hicks-apexaba","apollo","https://www.google.com/maps/search/Apex%20Autism%20%26%20Behavioral%20Clinic%20Trenton%20NJ","pilot-2026-09-25"
"Beacon Child Development Center","https://www.beaconabatx.com","Arlington","TX","4","Jason Crawford","Co-Founder & Executive Director, MS, BCBA","founder","jcrawford@beaconabatx.com","https://www.linkedin.com/in/jason-crawford-beaconaba","linkedin_sales_nav","https://www.google.com/maps/search/Beacon%20Child%20Development%20Center%20Arlington%20TX","pilot-2026-09-25"
"Blue Sky Behavior Analysis Partners","https://www.blueskyautismfl.org","Naples","FL","1","Brittany Henry","Owner & Clinical Supervisor, BCBA","owner","brittany.henry@blueskyautismfl.org","https://www.linkedin.com/in/brittany-henry-blueskyaba","state_directory","https://www.google.com/maps/search/Blue%20Sky%20Behavior%20Analysis%20Partners%20Naples%20FL","pilot-2026-09-25"
"Bright Path Behavioral Care","https://www.brightpathbehavioralca.com","Riverside","CA","2","Eric Boyd","CEO & Managing Partner, BCBA","ceo","eboyd@brightpathbehavioralca.com","https://www.linkedin.com/in/eric-boyd-brightpathaba","aba_index","https://www.google.com/maps/search/Bright%20Path%20Behavioral%20Care%20Riverside%20CA","pilot-2026-09-25"
"Clear Horizon Autism Horizons","https://www.clearhorizonabanc.com","Cary","NC","3","Courtney Mason","Executive Clinical Director & Partner, BCBA","exec_director","courtney.mason@clearhorizonabanc.com","https://www.linkedin.com/in/courtney-mason-clearhorizonaba","google_maps","https://www.google.com/maps/search/Clear%20Horizon%20Autism%20Horizons%20Cary%20NC","pilot-2026-09-25"
"Compass Therapy & Learning Center","https://www.compassautismga.com","Johns Creek","GA","4","Jonathan Morales","Founder & President, BCBA, LBA","founder","jmorales@compassautismga.com","https://www.linkedin.com/in/jonathan-morales-compassaba","apollo","https://www.google.com/maps/search/Compass%20Therapy%20%26%20Learning%20Center%20Johns%20Creek%20GA","pilot-2026-09-25"
"Crestview Behavioral Interventions","https://www.crestviewbehavioralco.com","Lakewood","CO","1","Tiffany Kennedy","Owner & Director of Applied Behavior Analysis","owner","tiffany.kennedy@crestviewbehavioralco.com","https://www.linkedin.com/in/tiffany-kennedy-crestviewaba","linkedin_sales_nav","https://www.google.com/maps/search/Crestview%20Behavioral%20Interventions%20Lakewood%20CO","pilot-2026-09-25"
"Discovery Autism Center","https://www.discoveryabava.org","Alexandria","VA","2","Tyler Warren","Founder & Clinical Director, BCBA-D","founder","twarren@discoveryabava.org","https://www.linkedin.com/in/tyler-warren-discoveryaba","state_directory","https://www.google.com/maps/search/Discovery%20Autism%20Center%20Alexandria%20VA","pilot-2026-09-25"
"Elevate ABA Therapy Group","https://www.elevateautismmd.com","Annapolis","MD","3","Christine Dixon","Co-Founder & Executive Director, MS, BCBA","founder","christine.dixon@elevateautismmd.com","https://www.linkedin.com/in/christine-dixon-elevateaba","aba_index","https://www.google.com/maps/search/Elevate%20ABA%20Therapy%20Group%20Annapolis%20MD","pilot-2026-09-25"
"Empower Behavioral Solutions","https://www.empowerbehavioralil.com","Peoria","IL","4","Nicholas Ramos","Owner & Clinical Supervisor, BCBA","owner","nramos@empowerbehavioralil.com","https://www.linkedin.com/in/nicholas-ramos-empoweraba","google_maps","https://www.google.com/maps/search/Empower%20Behavioral%20Solutions%20Peoria%20IL","pilot-2026-09-25"
"Endeavor Autism Services","https://www.endeavorabaut.com","South Jordan","UT","1","Alyssa Reyes","CEO & Managing Partner, BCBA","ceo","alyssa.reyes@endeavorabaut.com","https://www.linkedin.com/in/alyssa-reyes-endeavoraba","apollo","https://www.google.com/maps/search/Endeavor%20Autism%20Services%20South%20Jordan%20UT","pilot-2026-09-25"
"Enrich Behavioral Health","https://www.enrichautismnj.com","Clifton","NJ","2","Jacob Jenkins","Executive Clinical Director & Partner, BCBA","exec_director","jjenkins@enrichautismnj.com","https://www.linkedin.com/in/jacob-jenkins-enrichaba","linkedin_sales_nav","https://www.google.com/maps/search/Enrich%20Behavioral%20Health%20Clifton%20NJ","pilot-2026-09-25"
"Forward Therapy Associates","https://www.forwardbehavioraltx.org","Plano","TX","3","Hannah Vance","Founder & President, BCBA, LBA","founder","hannah.vance@forwardbehavioraltx.org","https://www.linkedin.com/in/hannah-vance-forwardaba","state_directory","https://www.google.com/maps/search/Forward%20Therapy%20Associates%20Plano%20TX","pilot-2026-09-25"
"Foundation Developmental Clinic","https://www.foundationabafl.com","Boca Raton","FL","4","Austin Rostova","Owner & Director of Applied Behavior Analysis","owner","arostova@foundationabafl.com","https://www.linkedin.com/in/austin-rostova-foundationaba","aba_index","https://www.google.com/maps/search/Foundation%20Developmental%20Clinic%20Boca%20Raton%20FL","pilot-2026-09-25"
"Grace ABA Services","https://www.graceautismca.com","Bakersfield","CA","1","Taylor Miller","Founder & Clinical Director, BCBA-D","founder","taylor.miller@graceautismca.com","https://www.linkedin.com/in/taylor-miller-graceaba","google_maps","https://www.google.com/maps/search/Grace%20ABA%20Services%20Bakersfield%20CA","pilot-2026-09-25"
"Growth Point Autism & Behavioral Clinic","https://www.growthpointbehavioralnc.com","Fayetteville","NC","2","Alexander Adams","Co-Founder & Executive Director, MS, BCBA","founder","aadams@growthpointbehavioralnc.com","https://www.linkedin.com/in/alexander-adams-growthpointaba","apollo","https://www.google.com/maps/search/Growth%20Point%20Autism%20%26%20Behavioral%20Clinic%20Fayetteville%20NC","pilot-2026-09-25"
"Harbor Child Development Center","https://www.harborabaga.com","Roswell","GA","3","Kayla Patel","Owner & Clinical Supervisor, BCBA","owner","kayla.patel@harborabaga.com","https://www.linkedin.com/in/kayla-patel-harboraba","linkedin_sales_nav","https://www.google.com/maps/search/Harbor%20Child%20Development%20Center%20Roswell%20GA","pilot-2026-09-25"
"Harmony Behavior Analysis Partners","https://www.harmonyautismco.org","Boulder","CO","4","Benjamin Hughes","CEO & Managing Partner, BCBA","ceo","bhughes@harmonyautismco.org","https://www.linkedin.com/in/benjamin-hughes-harmonyaba","state_directory","https://www.google.com/maps/search/Harmony%20Behavior%20Analysis%20Partners%20Boulder%20CO","pilot-2026-09-25"
"Haven Behavioral Care","https://www.havenbehavioralva.com","Roanoke","VA","1","Alexis Scott","Executive Clinical Director & Partner, BCBA","exec_director","alexis.scott@havenbehavioralva.com","https://www.linkedin.com/in/alexis-scott-havenaba","aba_index","https://www.google.com/maps/search/Haven%20Behavioral%20Care%20Roanoke%20VA","pilot-2026-09-25"
"Heartland Autism Horizons","https://www.heartlandabamd.com","Bowie","MD","2","Christian Walker","Founder & President, BCBA, LBA","founder","cwalker@heartlandabamd.com","https://www.linkedin.com/in/christian-walker-heartlandaba","google_maps","https://www.google.com/maps/search/Heartland%20Autism%20Horizons%20Bowie%20MD","pilot-2026-09-25"
"Heritage Therapy & Learning Center","https://www.heritageautismil.com","Elgin","IL","3","Victoria Bennett","Owner & Director of Applied Behavior Analysis","owner","victoria.bennett@heritageautismil.com","https://www.linkedin.com/in/victoria-bennett-heritageaba","apollo","https://www.google.com/maps/search/Heritage%20Therapy%20%26%20Learning%20Center%20Elgin%20IL","pilot-2026-09-25"
"Hope Behavioral Interventions","https://www.hopebehavioralut.com","Lehi","UT","4","Samuel Hayes","Founder & Clinical Director, BCBA-D","founder","shayes@hopebehavioralut.com","https://www.linkedin.com/in/samuel-hayes-hopeaba","linkedin_sales_nav","https://www.google.com/maps/search/Hope%20Behavioral%20Interventions%20Lehi%20UT","pilot-2026-09-25"
"Horizon Autism Center","https://www.horizonabanj.org","Newark","NJ","1","Sarah Harrison","Co-Founder & Executive Director, MS, BCBA","founder","sarah.harrison@horizonabanj.org","https://www.linkedin.com/in/sarah-harrison-horizonaba","state_directory","https://www.google.com/maps/search/Horizon%20Autism%20Center%20Newark%20NJ","pilot-2026-09-25"
"Illuminate ABA Therapy Group","https://www.illuminateautismtx.com","Dallas","TX","2","Marcus Simmons","Owner & Clinical Supervisor, BCBA","owner","msimmons@illuminateautismtx.com","https://www.linkedin.com/in/marcus-simmons-illuminateaba","aba_index","https://www.google.com/maps/search/Illuminate%20ABA%20Therapy%20Group%20Dallas%20TX","pilot-2026-09-25"
"Impact Behavioral Solutions","https://www.impactbehavioralfl.com","Tampa","FL","3","Elena Foster","CEO & Managing Partner, BCBA","ceo","elena.foster@impactbehavioralfl.com","https://www.linkedin.com/in/elena-foster-impactaba","google_maps","https://www.google.com/maps/search/Impact%20Behavioral%20Solutions%20Tampa%20FL","pilot-2026-09-25"
"Insight Autism Services","https://www.insightabaca.com","Sacramento","CA","4","David Gonzales","Executive Clinical Director & Partner, BCBA","exec_director","dgonzales@insightabaca.com","https://www.linkedin.com/in/david-gonzales-insightaba","apollo","https://www.google.com/maps/search/Insight%20Autism%20Services%20Sacramento%20CA","pilot-2026-09-25"
"Inspire Behavioral Health","https://www.inspireautismnc.com","Winston-Salem","NC","1","Chloe Bryant","Founder & President, BCBA, LBA","founder","chloe.bryant@inspireautismnc.com","https://www.linkedin.com/in/chloe-bryant-inspireaba","linkedin_sales_nav","https://www.google.com/maps/search/Inspire%20Behavioral%20Health%20Winston-Salem%20NC","pilot-2026-09-25"
"Journey Therapy Associates","https://www.journeybehavioralga.org","Sandy Springs","GA","2","Brian Alexander","Owner & Director of Applied Behavior Analysis","owner","balexander@journeybehavioralga.org","https://www.linkedin.com/in/brian-alexander-journeyaba","state_directory","https://www.google.com/maps/search/Journey%20Therapy%20Associates%20Sandy%20Springs%20GA","pilot-2026-09-25"
"Keystone Developmental Clinic","https://www.keystoneabaco.com","Thornton","CO","3","Rachel Russell","Founder & Clinical Director, BCBA-D","founder","rachel.russell@keystoneabaco.com","https://www.linkedin.com/in/rachel-russell-keystoneaba","aba_index","https://www.google.com/maps/search/Keystone%20Developmental%20Clinic%20Thornton%20CO","pilot-2026-09-25"
"Launch ABA Services","https://www.launchautismva.com","Fairfax","VA","4","Gregory Griffin","Co-Founder & Executive Director, MS, BCBA","founder","ggriffin@launchautismva.com","https://www.linkedin.com/in/gregory-griffin-launchaba","google_maps","https://www.google.com/maps/search/Launch%20ABA%20Services%20Fairfax%20VA","pilot-2026-09-25"
"Leadway Autism & Behavioral Clinic","https://www.leadwaybehavioralmd.com","Columbia","MD","1","Jessica Diaz","Owner & Clinical Supervisor, BCBA","owner","jessica.diaz@leadwaybehavioralmd.com","https://www.linkedin.com/in/jessica-diaz-leadwayaba","apollo","https://www.google.com/maps/search/Leadway%20Autism%20%26%20Behavioral%20Clinic%20Columbia%20MD","pilot-2026-09-25"
"Legacy Child Development Center","https://www.legacyabail.com","Springfield","IL","2","Michael Myers","CEO & Managing Partner, BCBA","ceo","mmyers@legacyabail.com","https://www.linkedin.com/in/michael-myers-legacyaba","linkedin_sales_nav","https://www.google.com/maps/search/Legacy%20Child%20Development%20Center%20Springfield%20IL","pilot-2026-09-25"
"Lighthouse Behavior Analysis Partners","https://www.lighthouseautismut.org","Salt Lake City","UT","3","Amanda Ford","Executive Clinical Director & Partner, BCBA","exec_director","amanda.ford@lighthouseautismut.org","https://www.linkedin.com/in/amanda-ford-lighthouseaba","state_directory","https://www.google.com/maps/search/Lighthouse%20Behavior%20Analysis%20Partners%20Salt%20Lake%20City%20UT","pilot-2026-09-25"
"Milestone Behavioral Care","https://www.milestonebehavioralnj.com","Jersey City","NJ","4","Daniel Hamilton","Founder & President, BCBA, LBA","founder","dhamilton@milestonebehavioralnj.com","https://www.linkedin.com/in/daniel-hamilton-milestoneaba","aba_index","https://www.google.com/maps/search/Milestone%20Behavioral%20Care%20Jersey%20City%20NJ","pilot-2026-09-25"
"Navigate Autism Horizons","https://www.navigateabatx.com","Lubbock","TX","1","Lauren Graham","Owner & Director of Applied Behavior Analysis","owner","lauren.graham@navigateabatx.com","https://www.linkedin.com/in/lauren-graham-navigateaba","google_maps","https://www.google.com/maps/search/Navigate%20Autism%20Horizons%20Lubbock%20TX","pilot-2026-09-25"
"New Horizons Therapy & Learning Center","https://www.newhorizonsautismfl.com","West Palm Beach","FL","2","James Sullivan","Founder & Clinical Director, BCBA-D","founder","jsullivan@newhorizonsautismfl.com","https://www.linkedin.com/in/james-sullivan-newhorizonsaba","apollo","https://www.google.com/maps/search/New%20Horizons%20Therapy%20%26%20Learning%20Center%20West%20Palm%20Beach%20FL","pilot-2026-09-25"
"Next Step Behavioral Interventions","https://www.nextstepbehavioralca.com","Fremont","CA","3","Stephanie Wallace","Co-Founder & Executive Director, MS, BCBA","founder","stephanie.wallace@nextstepbehavioralca.com","https://www.linkedin.com/in/stephanie-wallace-nextstepaba","linkedin_sales_nav","https://www.google.com/maps/search/Next%20Step%20Behavioral%20Interventions%20Fremont%20CA","pilot-2026-09-25"
"Noble Autism Center","https://www.nobleabanc.org","Durham","NC","4","Robert Woods","Owner & Clinical Supervisor, BCBA","owner","rwoods@nobleabanc.org","https://www.linkedin.com/in/robert-woods-nobleaba","state_directory","https://www.google.com/maps/search/Noble%20Autism%20Center%20Durham%20NC","pilot-2026-09-25"
"North Star ABA Therapy Group","https://www.northstarautismga.com","Athens","GA","1","Melissa Cole","CEO & Managing Partner, BCBA","ceo","melissa.cole@northstarautismga.com","https://www.linkedin.com/in/melissa-cole-northstaraba","aba_index","https://www.google.com/maps/search/North%20Star%20ABA%20Therapy%20Group%20Athens%20GA","pilot-2026-09-25"
"Nova Behavioral Solutions","https://www.novabehavioralco.com","Arvada","CO","2","William West","Executive Clinical Director & Partner, BCBA","exec_director","wwest@novabehavioralco.com","https://www.linkedin.com/in/william-west-novaaba","google_maps","https://www.google.com/maps/search/Nova%20Behavioral%20Solutions%20Arvada%20CO","pilot-2026-09-25"
"Oasis Autism Services","https://www.oasisabava.com","Reston","VA","3","Nicole Jordan","Founder & President, BCBA, LBA","founder","nicole.jordan@oasisabava.com","https://www.linkedin.com/in/nicole-jordan-oasisaba","apollo","https://www.google.com/maps/search/Oasis%20Autism%20Services%20Reston%20VA","pilot-2026-09-25"
"Optima Behavioral Health","https://www.optimaautismmd.com","Towson","MD","4","Anthony Owens","Owner & Director of Applied Behavior Analysis","owner","aowens@optimaautismmd.com","https://www.linkedin.com/in/anthony-owens-optimaaba","linkedin_sales_nav","https://www.google.com/maps/search/Optima%20Behavioral%20Health%20Towson%20MD","pilot-2026-09-25"
"Pacific Therapy Associates","https://www.pacificbehavioralil.org","Chicago","IL","1","Ashley Reynolds","Founder & Clinical Director, BCBA-D","founder","ashley.reynolds@pacificbehavioralil.org","https://www.linkedin.com/in/ashley-reynolds-pacificaba","state_directory","https://www.google.com/maps/search/Pacific%20Therapy%20Associates%20Chicago%20IL","pilot-2026-09-25"
"Pathways Developmental Clinic","https://www.pathwaysabaut.com","Provo","UT","2","Christopher Fisher","Co-Founder & Executive Director, MS, BCBA","founder","cfisher@pathwaysabaut.com","https://www.linkedin.com/in/christopher-fisher-pathwaysaba","aba_index","https://www.google.com/maps/search/Pathways%20Developmental%20Clinic%20Provo%20UT","pilot-2026-09-25"
"Peak ABA Services","https://www.peakautismnj.com","Paterson","NJ","3","Megan Ellis","Owner & Clinical Supervisor, BCBA","owner","megan.ellis@peakautismnj.com","https://www.linkedin.com/in/megan-ellis-peakaba","google_maps","https://www.google.com/maps/search/Peak%20ABA%20Services%20Paterson%20NJ","pilot-2026-09-25"
"Pinnacle Autism & Behavioral Clinic","https://www.pinnaclebehavioraltx.com","The Woodlands","TX","4","Matthew Gibson","CEO & Managing Partner, BCBA","ceo","mgibson@pinnaclebehavioraltx.com","https://www.linkedin.com/in/matthew-gibson-pinnacleaba","apollo","https://www.google.com/maps/search/Pinnacle%20Autism%20%26%20Behavioral%20Clinic%20The%20Woodlands%20TX","pilot-2026-09-25"
"Pioneer Child Development Center","https://www.pioneerabafl.com","Gainesville","FL","1","Heather McDonald","Executive Clinical Director & Partner, BCBA","exec_director","heather.mcdonald@pioneerabafl.com","https://www.linkedin.com/in/heather-mcdonald-pioneeraba","linkedin_sales_nav","https://www.google.com/maps/search/Pioneer%20Child%20Development%20Center%20Gainesville%20FL","pilot-2026-09-25"
"Precision Behavior Analysis Partners","https://www.precisionautismca.org","Anaheim","CA","2","Andrew Cruz","Founder & President, BCBA, LBA","founder","acruz@precisionautismca.org","https://www.linkedin.com/in/andrew-cruz-precisionaba","state_directory","https://www.google.com/maps/search/Precision%20Behavior%20Analysis%20Partners%20Anaheim%20CA","pilot-2026-09-25"
"Premier Behavioral Care","https://www.premierbehavioralnc.com","Greensboro","NC","3","Elizabeth Marshall","Owner & Director of Applied Behavior Analysis","owner","elizabeth.marshall@premierbehavioralnc.com","https://www.linkedin.com/in/elizabeth-marshall-premieraba","aba_index","https://www.google.com/maps/search/Premier%20Behavioral%20Care%20Greensboro%20NC","pilot-2026-09-25"
"Progress Autism Horizons","https://www.progressabaga.com","Savannah","GA","4","Joseph Ortiz","Founder & Clinical Director, BCBA-D","founder","jortiz@progressabaga.com","https://www.linkedin.com/in/joseph-ortiz-progressaba","google_maps","https://www.google.com/maps/search/Progress%20Autism%20Horizons%20Savannah%20GA","pilot-2026-09-25"
"Promise Therapy & Learning Center","https://www.promiseautismco.com","Centennial","CO","1","Jennifer Gomez","Co-Founder & Executive Director, MS, BCBA","founder","jennifer.gomez@promiseautismco.com","https://www.linkedin.com/in/jennifer-gomez-promiseaba","apollo","https://www.google.com/maps/search/Promise%20Therapy%20%26%20Learning%20Center%20Centennial%20CO","pilot-2026-09-25"
"Radiant Behavioral Interventions","https://www.radiantbehavioralva.com","McLean","VA","2","Joshua Murray","Owner & Clinical Supervisor, BCBA","owner","jmurray@radiantbehavioralva.com","https://www.linkedin.com/in/joshua-murray-radiantaba","linkedin_sales_nav","https://www.google.com/maps/search/Radiant%20Behavioral%20Interventions%20McLean%20VA","pilot-2026-09-25"
"Reach Autism Center","https://www.reachabamd.org","Baltimore","MD","3","Rebecca Freeman","CEO & Managing Partner, BCBA","ceo","rebecca.freeman@reachabamd.org","https://www.linkedin.com/in/rebecca-freeman-reachaba","state_directory","https://www.google.com/maps/search/Reach%20Autism%20Center%20Baltimore%20MD","pilot-2026-09-25"
"Renew ABA Therapy Group","https://www.renewautismil.com","Naperville","IL","4","Kevin Wells","Executive Clinical Director & Partner, BCBA","exec_director","kwells@renewautismil.com","https://www.linkedin.com/in/kevin-wells-renewaba","aba_index","https://www.google.com/maps/search/Renew%20ABA%20Therapy%20Group%20Naperville%20IL","pilot-2026-09-25"
"Resilience Behavioral Solutions","https://www.resiliencebehavioralut.com","West Valley City","UT","1","Emily Webb","Founder & President, BCBA, LBA","founder","emily.webb@resiliencebehavioralut.com","https://www.linkedin.com/in/emily-webb-resilienceaba","google_maps","https://www.google.com/maps/search/Resilience%20Behavioral%20Solutions%20West%20Valley%20City%20UT","pilot-2026-09-25"
"Rise Autism Services","https://www.riseabanj.com","Elizabeth","NJ","2","Ryan Simpson","Owner & Director of Applied Behavior Analysis","owner","rsimpson@riseabanj.com","https://www.linkedin.com/in/ryan-simpson-riseaba","apollo","https://www.google.com/maps/search/Rise%20Autism%20Services%20Elizabeth%20NJ","pilot-2026-09-25"
"Riverbend Behavioral Health","https://www.riverbendautismtx.com","Fort Worth","TX","3","Samantha Stevens","Founder & Clinical Director, BCBA-D","founder","samantha.stevens@riverbendautismtx.com","https://www.linkedin.com/in/samantha-stevens-riverbendaba","linkedin_sales_nav","https://www.google.com/maps/search/Riverbend%20Behavioral%20Health%20Fort%20Worth%20TX","pilot-2026-09-25"
"Sanctuary Therapy Associates","https://www.sanctuarybehavioralfl.org","St. Petersburg","FL","4","Justin Tucker","Co-Founder & Executive Director, MS, BCBA","founder","jtucker@sanctuarybehavioralfl.org","https://www.linkedin.com/in/justin-tucker-sanctuaryaba","state_directory","https://www.google.com/maps/search/Sanctuary%20Therapy%20Associates%20St.%20Petersburg%20FL","pilot-2026-09-25"
"Serenity Developmental Clinic","https://www.serenityabaca.com","Pasadena","CA","1","Danielle Porter","Owner & Clinical Supervisor, BCBA","owner","danielle.porter@serenityabaca.com","https://www.linkedin.com/in/danielle-porter-serenityaba","aba_index","https://www.google.com/maps/search/Serenity%20Developmental%20Clinic%20Pasadena%20CA","pilot-2026-09-25"
"Shine ABA Services","https://www.shineautismnc.com","Raleigh","NC","2","Brandon Hunter","CEO & Managing Partner, BCBA","ceo","bhunter@shineautismnc.com","https://www.linkedin.com/in/brandon-hunter-shineaba","google_maps","https://www.google.com/maps/search/Shine%20ABA%20Services%20Raleigh%20NC","pilot-2026-09-25"
"Silver Lining Autism & Behavioral Clinic","https://www.silverliningbehavioralga.com","Columbus","GA","3","Amber Hicks","Executive Clinical Director & Partner, BCBA","exec_director","amber.hicks@silverliningbehavioralga.com","https://www.linkedin.com/in/amber-hicks-silverliningaba","apollo","https://www.google.com/maps/search/Silver%20Lining%20Autism%20%26%20Behavioral%20Clinic%20Columbus%20GA","pilot-2026-09-25"
"Soar Child Development Center","https://www.soarabaco.com","Pueblo","CO","4","Jason Crawford","Founder & President, BCBA, LBA","founder","jcrawford@soarabaco.com","https://www.linkedin.com/in/jason-crawford-soaraba","linkedin_sales_nav","https://www.google.com/maps/search/Soar%20Child%20Development%20Center%20Pueblo%20CO","pilot-2026-09-25"
"Spectrum Behavior Analysis Partners","https://www.spectrumautismva.org","Richmond","VA","1","Brittany Henry","Owner & Director of Applied Behavior Analysis","owner","brittany.henry@spectrumautismva.org","https://www.linkedin.com/in/brittany-henry-spectrumaba","state_directory","https://www.google.com/maps/search/Spectrum%20Behavior%20Analysis%20Partners%20Richmond%20VA","pilot-2026-09-25"
"Springboard Behavioral Care","https://www.springboardbehavioralmd.com","Rockville","MD","2","Eric Boyd","Founder & Clinical Director, BCBA-D","founder","eboyd@springboardbehavioralmd.com","https://www.linkedin.com/in/eric-boyd-springboardaba","aba_index","https://www.google.com/maps/search/Springboard%20Behavioral%20Care%20Rockville%20MD","pilot-2026-09-25"
"Step Ahead Autism Horizons","https://www.stepaheadabail.com","Aurora","IL","3","Courtney Mason","Co-Founder & Executive Director, MS, BCBA","founder","courtney.mason@stepaheadabail.com","https://www.linkedin.com/in/courtney-mason-stepaheadaba","google_maps","https://www.google.com/maps/search/Step%20Ahead%20Autism%20Horizons%20Aurora%20IL","pilot-2026-09-25"
"Summit Therapy & Learning Center","https://www.summitautismut.com","Orem","UT","4","Jonathan Morales","Owner & Clinical Supervisor, BCBA","owner","jmorales@summitautismut.com","https://www.linkedin.com/in/jonathan-morales-summitaba","apollo","https://www.google.com/maps/search/Summit%20Therapy%20%26%20Learning%20Center%20Orem%20UT","pilot-2026-09-25"
"Sunburst Behavioral Interventions","https://www.sunburstbehavioralnj.com","Edison","NJ","1","Tiffany Kennedy","CEO & Managing Partner, BCBA","ceo","tiffany.kennedy@sunburstbehavioralnj.com","https://www.linkedin.com/in/tiffany-kennedy-sunburstaba","linkedin_sales_nav","https://www.google.com/maps/search/Sunburst%20Behavioral%20Interventions%20Edison%20NJ","pilot-2026-09-25"
"Sunrise Autism Center","https://www.sunriseabatx.org","Austin","TX","2","Tyler Warren","Executive Clinical Director & Partner, BCBA","exec_director","twarren@sunriseabatx.org","https://www.linkedin.com/in/tyler-warren-sunriseaba","state_directory","https://www.google.com/maps/search/Sunrise%20Autism%20Center%20Austin%20TX","pilot-2026-09-25"
"Synergy ABA Therapy Group","https://www.synergyautismfl.com","Orlando","FL","3","Christine Dixon","Founder & President, BCBA, LBA","founder","christine.dixon@synergyautismfl.com","https://www.linkedin.com/in/christine-dixon-synergyaba","aba_index","https://www.google.com/maps/search/Synergy%20ABA%20Therapy%20Group%20Orlando%20FL","pilot-2026-09-25"
"Thrive Behavioral Solutions","https://www.thrivebehavioralca.com","San Jose","CA","4","Nicholas Ramos","Owner & Director of Applied Behavior Analysis","owner","nramos@thrivebehavioralca.com","https://www.linkedin.com/in/nicholas-ramos-thriveaba","google_maps","https://www.google.com/maps/search/Thrive%20Behavioral%20Solutions%20San%20Jose%20CA","pilot-2026-09-25"
"Timberline Autism Services","https://www.timberlineabanc.com","Charlotte","NC","1","Alyssa Reyes","Founder & Clinical Director, BCBA-D","founder","alyssa.reyes@timberlineabanc.com","https://www.linkedin.com/in/alyssa-reyes-timberlineaba","apollo","https://www.google.com/maps/search/Timberline%20Autism%20Services%20Charlotte%20NC","pilot-2026-09-25"
"Touchstone Behavioral Health","https://www.touchstoneautismga.com","Augusta","GA","2","Jacob Jenkins","Co-Founder & Executive Director, MS, BCBA","founder","jjenkins@touchstoneautismga.com","https://www.linkedin.com/in/jacob-jenkins-touchstoneaba","linkedin_sales_nav","https://www.google.com/maps/search/Touchstone%20Behavioral%20Health%20Augusta%20GA","pilot-2026-09-25"
"Trailblazer Therapy Associates","https://www.trailblazerbehavioralco.org","Denver","CO","3","Hannah Vance","Owner & Clinical Supervisor, BCBA","owner","hannah.vance@trailblazerbehavioralco.org","https://www.linkedin.com/in/hannah-vance-trailblazeraba","state_directory","https://www.google.com/maps/search/Trailblazer%20Therapy%20Associates%20Denver%20CO","pilot-2026-09-25"
"True North Developmental Clinic","https://www.truenorthabava.com","Virginia Beach","VA","4","Austin Rostova","CEO & Managing Partner, BCBA","ceo","arostova@truenorthabava.com","https://www.linkedin.com/in/austin-rostova-truenorthaba","aba_index","https://www.google.com/maps/search/True%20North%20Developmental%20Clinic%20Virginia%20Beach%20VA","pilot-2026-09-25"
"Unity ABA Services","https://www.unityautismmd.com","Bethesda","MD","1","Taylor Miller","Executive Clinical Director & Partner, BCBA","exec_director","taylor.miller@unityautismmd.com","https://www.linkedin.com/in/taylor-miller-unityaba","google_maps","https://www.google.com/maps/search/Unity%20ABA%20Services%20Bethesda%20MD","pilot-2026-09-25"
"Vanguard Autism & Behavioral Clinic","https://www.vanguardbehavioralil.com","Rockford","IL","2","Alexander Adams","Founder & President, BCBA, LBA","founder","aadams@vanguardbehavioralil.com","https://www.linkedin.com/in/alexander-adams-vanguardaba","apollo","https://www.google.com/maps/search/Vanguard%20Autism%20%26%20Behavioral%20Clinic%20Rockford%20IL","pilot-2026-09-25"
"Velocity Child Development Center","https://www.velocityabaut.com","Sandy","UT","3","Kayla Patel","Owner & Director of Applied Behavior Analysis","owner","kayla.patel@velocityabaut.com","https://www.linkedin.com/in/kayla-patel-velocityaba","linkedin_sales_nav","https://www.google.com/maps/search/Velocity%20Child%20Development%20Center%20Sandy%20UT","pilot-2026-09-25"
"Ventures Behavior Analysis Partners","https://www.venturesautismnj.org","Woodbridge","NJ","4","Benjamin Hughes","Founder & Clinical Director, BCBA-D","founder","bhughes@venturesautismnj.org","https://www.linkedin.com/in/benjamin-hughes-venturesaba","state_directory","https://www.google.com/maps/search/Ventures%20Behavior%20Analysis%20Partners%20Woodbridge%20NJ","pilot-2026-09-25"
"Vibrant Behavioral Care","https://www.vibrantbehavioraltx.com","El Paso","TX","1","Alexis Scott","Co-Founder & Executive Director, MS, BCBA","founder","alexis.scott@vibrantbehavioraltx.com","https://www.linkedin.com/in/alexis-scott-vibrantaba","aba_index","https://www.google.com/maps/search/Vibrant%20Behavioral%20Care%20El%20Paso%20TX","pilot-2026-09-25"
"Victory Autism Horizons","https://www.victoryabafl.com","Clearwater","FL","2","Christian Walker","Owner & Clinical Supervisor, BCBA","owner","cwalker@victoryabafl.com","https://www.linkedin.com/in/christian-walker-victoryaba","google_maps","https://www.google.com/maps/search/Victory%20Autism%20Horizons%20Clearwater%20FL","pilot-2026-09-25"
"Vista Therapy & Learning Center","https://www.vistaautismca.com","Chula Vista","CA","3","Victoria Bennett","CEO & Managing Partner, BCBA","ceo","victoria.bennett@vistaautismca.com","https://www.linkedin.com/in/victoria-bennett-vistaaba","apollo","https://www.google.com/maps/search/Vista%20Therapy%20%26%20Learning%20Center%20Chula%20Vista%20CA","pilot-2026-09-25"
"Voyage Behavioral Interventions","https://www.voyagebehavioralnc.com","Chapel Hill","NC","4","Samuel Hayes","Executive Clinical Director & Partner, BCBA","exec_director","shayes@voyagebehavioralnc.com","https://www.linkedin.com/in/samuel-hayes-voyageaba","linkedin_sales_nav","https://www.google.com/maps/search/Voyage%20Behavioral%20Interventions%20Chapel%20Hill%20NC","pilot-2026-09-25"
"Wayfinder Autism Center","https://www.wayfinderabaga.org","Atlanta","GA","1","Sarah Harrison","Founder & President, BCBA, LBA","founder","sarah.harrison@wayfinderabaga.org","https://www.linkedin.com/in/sarah-harrison-wayfinderaba","state_directory","https://www.google.com/maps/search/Wayfinder%20Autism%20Center%20Atlanta%20GA","pilot-2026-09-25"
"Willow ABA Therapy Group","https://www.willowautismco.com","Colorado Springs","CO","2","Marcus Simmons","Owner & Director of Applied Behavior Analysis","owner","msimmons@willowautismco.com","https://www.linkedin.com/in/marcus-simmons-willowaba","aba_index","https://www.google.com/maps/search/Willow%20ABA%20Therapy%20Group%20Colorado%20Springs%20CO","pilot-2026-09-25"
"Zenith Behavioral Solutions","https://www.zenithbehavioralva.com","Norfolk","VA","3","Elena Foster","Founder & Clinical Director, BCBA-D","founder","elena.foster@zenithbehavioralva.com","https://www.linkedin.com/in/elena-foster-zenithaba","google_maps","https://www.google.com/maps/search/Zenith%20Behavioral%20Solutions%20Norfolk%20VA","pilot-2026-09-25"
"Allied Autism Services","https://www.alliedabamd.com","Silver Spring","MD","4","David Gonzales","Co-Founder & Executive Director, MS, BCBA","founder","dgonzales@alliedabamd.com","https://www.linkedin.com/in/david-gonzales-alliedaba","apollo","https://www.google.com/maps/search/Allied%20Autism%20Services%20Silver%20Spring%20MD","pilot-2026-09-25"
"Anchor Behavioral Health","https://www.anchorautismil.com","Joliet","IL","1","Chloe Bryant","Owner & Clinical Supervisor, BCBA","owner","chloe.bryant@anchorautismil.com","https://www.linkedin.com/in/chloe-bryant-anchoraba","linkedin_sales_nav","https://www.google.com/maps/search/Anchor%20Behavioral%20Health%20Joliet%20IL","pilot-2026-09-25"
"Ascend Therapy Associates","https://www.ascendbehavioralut.org","Ogden","UT","2","Brian Alexander","CEO & Managing Partner, BCBA","ceo","balexander@ascendbehavioralut.org","https://www.linkedin.com/in/brian-alexander-ascendaba","state_directory","https://www.google.com/maps/search/Ascend%20Therapy%20Associates%20Ogden%20UT","pilot-2026-09-25"
"Aurora Developmental Clinic","https://www.auroraabanj.com","Princeton","NJ","3","Rachel Russell","Executive Clinical Director & Partner, BCBA","exec_director","rachel.russell@auroraabanj.com","https://www.linkedin.com/in/rachel-russell-auroraaba","aba_index","https://www.google.com/maps/search/Aurora%20Developmental%20Clinic%20Princeton%20NJ","pilot-2026-09-25"
"Bloom ABA Services","https://www.bloomautismtx.com","Frisco","TX","4","Gregory Griffin","Founder & President, BCBA, LBA","founder","ggriffin@bloomautismtx.com","https://www.linkedin.com/in/gregory-griffin-bloomaba","google_maps","https://www.google.com/maps/search/Bloom%20ABA%20Services%20Frisco%20TX","pilot-2026-09-25"
"Bridge Autism & Behavioral Clinic","https://www.bridgebehavioralfl.com","Cape Coral","FL","1","Jessica Diaz","Owner & Director of Applied Behavior Analysis","owner","jessica.diaz@bridgebehavioralfl.com","https://www.linkedin.com/in/jessica-diaz-bridgeaba","apollo","https://www.google.com/maps/search/Bridge%20Autism%20%26%20Behavioral%20Clinic%20Cape%20Coral%20FL","pilot-2026-09-25"
"Catalyst Child Development Center","https://www.catalystabaca.com","Oakland","CA","2","Michael Myers","Founder & Clinical Director, BCBA-D","founder","mmyers@catalystabaca.com","https://www.linkedin.com/in/michael-myers-catalystaba","linkedin_sales_nav","https://www.google.com/maps/search/Catalyst%20Child%20Development%20Center%20Oakland%20CA","pilot-2026-09-25"
"Clarity Behavior Analysis Partners","https://www.clarityautismnc.org","Gastonia","NC","3","Amanda Ford","Co-Founder & Executive Director, MS, BCBA","founder","amanda.ford@clarityautismnc.org","https://www.linkedin.com/in/amanda-ford-clarityaba","state_directory","https://www.google.com/maps/search/Clarity%20Behavior%20Analysis%20Partners%20Gastonia%20NC","pilot-2026-09-25"
"Continuum Behavioral Care","https://www.continuumbehavioralga.com","Cumming","GA","4","Daniel Hamilton","Owner & Clinical Supervisor, BCBA","owner","dhamilton@continuumbehavioralga.com","https://www.linkedin.com/in/daniel-hamilton-continuumaba","aba_index","https://www.google.com/maps/search/Continuum%20Behavioral%20Care%20Cumming%20GA","pilot-2026-09-25"
"Core Autism Horizons","https://www.coreabaco.com","Aurora","CO","1","Lauren Graham","CEO & Managing Partner, BCBA","ceo","lauren.graham@coreabaco.com","https://www.linkedin.com/in/lauren-graham-coreaba","google_maps","https://www.google.com/maps/search/Core%20Autism%20Horizons%20Aurora%20CO","pilot-2026-09-25"
"Covenant Therapy & Learning Center","https://www.covenantautismva.com","Chesapeake","VA","2","James Sullivan","Executive Clinical Director & Partner, BCBA","exec_director","jsullivan@covenantautismva.com","https://www.linkedin.com/in/james-sullivan-covenantaba","apollo","https://www.google.com/maps/search/Covenant%20Therapy%20%26%20Learning%20Center%20Chesapeake%20VA","pilot-2026-09-25"
"Crest Behavioral Interventions","https://www.crestbehavioralmd.com","Frederick","MD","3","Stephanie Wallace","Founder & President, BCBA, LBA","founder","stephanie.wallace@crestbehavioralmd.com","https://www.linkedin.com/in/stephanie-wallace-crestaba","linkedin_sales_nav","https://www.google.com/maps/search/Crest%20Behavioral%20Interventions%20Frederick%20MD","pilot-2026-09-25"
"Crown Autism Center","https://www.crownabail.org","Evanston","IL","4","Robert Woods","Owner & Director of Applied Behavior Analysis","owner","rwoods@crownabail.org","https://www.linkedin.com/in/robert-woods-crownaba","state_directory","https://www.google.com/maps/search/Crown%20Autism%20Center%20Evanston%20IL","pilot-2026-09-25"
"Apex ABA Therapy Group","https://www.apexautismut.com","St. George","UT","1","Melissa Cole","Founder & Clinical Director, BCBA-D","founder","melissa.cole@apexautismut.com","https://www.linkedin.com/in/melissa-cole-apexaba","aba_index","https://www.google.com/maps/search/Apex%20ABA%20Therapy%20Group%20St.%20George%20UT","pilot-2026-09-25"
"Beacon Behavioral Solutions","https://www.beaconbehavioralnj.com","Toms River","NJ","2","William West","Co-Founder & Executive Director, MS, BCBA","founder","wwest@beaconbehavioralnj.com","https://www.linkedin.com/in/william-west-beaconaba","google_maps","https://www.google.com/maps/search/Beacon%20Behavioral%20Solutions%20Toms%20River%20NJ","pilot-2026-09-25"
"Blue Sky Autism Services","https://www.blueskyabatx.com","San Antonio","TX","3","Nicole Jordan","Owner & Clinical Supervisor, BCBA","owner","nicole.jordan@blueskyabatx.com","https://www.linkedin.com/in/nicole-jordan-blueskyaba","apollo","https://www.google.com/maps/search/Blue%20Sky%20Autism%20Services%20San%20Antonio%20TX","pilot-2026-09-25"
"Bright Path Behavioral Health","https://www.brightpathautismfl.com","Fort Lauderdale","FL","4","Anthony Owens","CEO & Managing Partner, BCBA","ceo","aowens@brightpathautismfl.com","https://www.linkedin.com/in/anthony-owens-brightpathaba","linkedin_sales_nav","https://www.google.com/maps/search/Bright%20Path%20Behavioral%20Health%20Fort%20Lauderdale%20FL","pilot-2026-09-25"
"Clear Horizon Therapy Associates","https://www.clearhorizonbehavioralca.org","Fresno","CA","1","Ashley Reynolds","Executive Clinical Director & Partner, BCBA","exec_director","ashley.reynolds@clearhorizonbehavioralca.org","https://www.linkedin.com/in/ashley-reynolds-clearhorizonaba","state_directory","https://www.google.com/maps/search/Clear%20Horizon%20Therapy%20Associates%20Fresno%20CA","pilot-2026-09-25"
"Compass Developmental Clinic","https://www.compassabanc.com","Concord","NC","2","Christopher Fisher","Founder & President, BCBA, LBA","founder","cfisher@compassabanc.com","https://www.linkedin.com/in/christopher-fisher-compassaba","aba_index","https://www.google.com/maps/search/Compass%20Developmental%20Clinic%20Concord%20NC","pilot-2026-09-25"
"Crestview ABA Services","https://www.crestviewautismga.com","Tyrone","GA","3","Megan Ellis","Owner & Director of Applied Behavior Analysis","owner","megan.ellis@crestviewautismga.com","https://www.linkedin.com/in/megan-ellis-crestviewaba","google_maps","https://www.google.com/maps/search/Crestview%20ABA%20Services%20Tyrone%20GA","pilot-2026-09-25"
"Discovery Autism & Behavioral Clinic","https://www.discoverybehavioralco.com","Fort Collins","CO","4","Matthew Gibson","Founder & Clinical Director, BCBA-D","founder","mgibson@discoverybehavioralco.com","https://www.linkedin.com/in/matthew-gibson-discoveryaba","apollo","https://www.google.com/maps/search/Discovery%20Autism%20%26%20Behavioral%20Clinic%20Fort%20Collins%20CO","pilot-2026-09-25"
"Elevate Child Development Center","https://www.elevateabava.com","Arlington","VA","1","Heather McDonald","Co-Founder & Executive Director, MS, BCBA","founder","heather.mcdonald@elevateabava.com","https://www.linkedin.com/in/heather-mcdonald-elevateaba","linkedin_sales_nav","https://www.google.com/maps/search/Elevate%20Child%20Development%20Center%20Arlington%20VA","pilot-2026-09-25"
"Empower Behavior Analysis Partners","https://www.empowerautismmd.org","Gaithersburg","MD","2","Andrew Cruz","Owner & Clinical Supervisor, BCBA","owner","acruz@empowerautismmd.org","https://www.linkedin.com/in/andrew-cruz-empoweraba","state_directory","https://www.google.com/maps/search/Empower%20Behavior%20Analysis%20Partners%20Gaithersburg%20MD","pilot-2026-09-25"
"Endeavor Behavioral Care","https://www.endeavorbehavioralil.com","Schaumburg","IL","3","Elizabeth Marshall","CEO & Managing Partner, BCBA","ceo","elizabeth.marshall@endeavorbehavioralil.com","https://www.linkedin.com/in/elizabeth-marshall-endeavoraba","aba_index","https://www.google.com/maps/search/Endeavor%20Behavioral%20Care%20Schaumburg%20IL","pilot-2026-09-25"
"Enrich Autism Horizons","https://www.enrichabaut.com","Layton","UT","4","Joseph Ortiz","Executive Clinical Director & Partner, BCBA","exec_director","jortiz@enrichabaut.com","https://www.linkedin.com/in/joseph-ortiz-enrichaba","google_maps","https://www.google.com/maps/search/Enrich%20Autism%20Horizons%20Layton%20UT","pilot-2026-09-25"
"Forward Therapy & Learning Center","https://www.forwardautismnj.com","Trenton","NJ","1","Jennifer Gomez","Founder & President, BCBA, LBA","founder","jennifer.gomez@forwardautismnj.com","https://www.linkedin.com/in/jennifer-gomez-forwardaba","apollo","https://www.google.com/maps/search/Forward%20Therapy%20%26%20Learning%20Center%20Trenton%20NJ","pilot-2026-09-25"
"Foundation Behavioral Interventions","https://www.foundationbehavioraltx.com","Denton","TX","2","Joshua Murray","Owner & Director of Applied Behavior Analysis","owner","jmurray@foundationbehavioraltx.com","https://www.linkedin.com/in/joshua-murray-foundationaba","linkedin_sales_nav","https://www.google.com/maps/search/Foundation%20Behavioral%20Interventions%20Denton%20TX","pilot-2026-09-25"
"Grace Autism Center","https://www.graceabafl.org","Miami","FL","3","Rebecca Freeman","Founder & Clinical Director, BCBA-D","founder","rebecca.freeman@graceabafl.org","https://www.linkedin.com/in/rebecca-freeman-graceaba","state_directory","https://www.google.com/maps/search/Grace%20Autism%20Center%20Miami%20FL","pilot-2026-09-25"
"Growth Point ABA Therapy Group","https://www.growthpointautismca.com","Los Angeles","CA","4","Kevin Wells","Co-Founder & Executive Director, MS, BCBA","founder","kwells@growthpointautismca.com","https://www.linkedin.com/in/kevin-wells-growthpointaba","aba_index","https://www.google.com/maps/search/Growth%20Point%20ABA%20Therapy%20Group%20Los%20Angeles%20CA","pilot-2026-09-25"
"Harbor Behavioral Solutions","https://www.harborbehavioralnc.com","Asheville","NC","1","Emily Webb","Owner & Clinical Supervisor, BCBA","owner","emily.webb@harborbehavioralnc.com","https://www.linkedin.com/in/emily-webb-harboraba","google_maps","https://www.google.com/maps/search/Harbor%20Behavioral%20Solutions%20Asheville%20NC","pilot-2026-09-25"
"Harmony Autism Services","https://www.harmonyabaga.com","Marietta","GA","2","Ryan Simpson","CEO & Managing Partner, BCBA","ceo","rsimpson@harmonyabaga.com","https://www.linkedin.com/in/ryan-simpson-harmonyaba","apollo","https://www.google.com/maps/search/Harmony%20Autism%20Services%20Marietta%20GA","pilot-2026-09-25"
"Haven Behavioral Health","https://www.havenautismco.com","Lakewood","CO","3","Samantha Stevens","Executive Clinical Director & Partner, BCBA","exec_director","samantha.stevens@havenautismco.com","https://www.linkedin.com/in/samantha-stevens-havenaba","linkedin_sales_nav","https://www.google.com/maps/search/Haven%20Behavioral%20Health%20Lakewood%20CO","pilot-2026-09-25"