company_name,website,city,state,locations_count,decision_maker_name,decision_maker_title,decision_maker_role,verified_email,linkedin_url,source_platform,source_url,batch_id
Ability ABA Therapy,https://www.abilityaba.com,Dallas,TX,1,Dr. Amy Foxman,"Founder & President, PhD, BCBA",founder,amy@abilityaba.com,https://www.linkedin.com/company/ability-aba,google_maps,https://www.abilityaba.com/team,pilot-2026-09-25-live
Marigold Learning Academy & ABA,https://marigoldlearningacademy.com,Rockwall,TX,2,Karri Shojaei-Scott,"Founder, Owner & Director, M.Ed., BCBA",founder,karri@marigoldlearningacademy.com,https://www.linkedin.com/in/karri-shojaei-scott-m-ed-bcba-lba-41132644,state_directory,https://marigoldlearningacademy.com,pilot-2026-09-25-live
Tree of Life ABA Therapy,https://treeoflifeaba.com,Austin,TX,1,Samantha Sanchez,"Founder & Owner, M.Ed., BCBA",founder,samantha@treeoflifeaba.com,https://www.linkedin.com/in/sa-sanchez-g118,linkedin_sales_nav,https://treeoflifeaba.com,pilot-2026-09-25-live
Galliant Autism Care,https://www.galliantcare.com,Dallas,TX,3,Dr. Michelle Kuhn,"Co-Founder & Clinical Director, PhD, BCBA-D",founder,michelle.kuhn@galliantcare.com,https://www.linkedin.com/in/michelle-kuhn-galliant,state_directory,https://www.galliantcare.com,pilot-2026-09-25-live
BrightPath Behavior,https://brightpathbehavior.com,Sugar Land,TX,2,Faith Finstad,"Clinical Director & Partner, M.Ed., BCBA",exec_director,faith@brightpathbehavior.com,https://www.linkedin.com/in/faith-finstad-bcba,aba_index,https://brightpathbehavior.com/sugar-land/,pilot-2026-09-25-live
Restore ABA & Speech Therapy,https://restoreaba.com,Cypress,TX,2,Natalie Villante,"Clinical Quality Director, M.A., BCBA",exec_director,admin@restoreaba.com,https://www.linkedin.com/company/restore-aba,google_maps,https://restoreaba.com,pilot-2026-09-25-live
Behavior TLC,https://behaviortlc.com,Houston,TX,2,Jennifer Corbridge,"Founder & Executive Director, BCBA",founder,jennifer@behaviortlc.com,https://www.linkedin.com/company/behavior-tlc-inc-,state_directory,https://behaviortlc.com,pilot-2026-09-25-live
The Behavior Exchange,https://behaviorexchange.com,Plano,TX,2,Tammy Cline-Soza,"Founder & CEO, M.S., BCBA",ceo,tammy@behaviorexchange.com,https://www.linkedin.com/in/tammy-cline-soza-m-s-bcba-lba-4357989,aba_index,https://behaviorexchange.com,pilot-2026-09-25-live
Stepping Stones Therapy Center,https://steppingstonestherapy.com,San Antonio,TX,2,Patricia Hernandez,"Clinical Director & Owner, BCBA",owner,patricia@steppingstonestherapy.com,https://www.linkedin.com/company/stepping-stones-therapy,google_maps,https://steppingstonestherapy.com,pilot-2026-09-25-live
Pathways Autism Center,https://pathwaysautism.com,Fort Worth,TX,2,Cody Wright,"Founder & Clinical Director, BCBA",founder,cody@pathwaysautism.com,https://www.linkedin.com/company/pathways-autism-center,state_directory,https://pathwaysautism.com,pilot-2026-09-25-live
Piece-by-Piece Behavioral Therapy,https://www.pbpbehavior.com,Miami,FL,1,Annabelle Lozano,"Executive Director & Founder, M.S., BCBA",founder,ana@pbpbehavior.com,https://www.linkedin.com/in/annabelle-lozano-bcba,state_directory,https://www.pbpbehavior.com/about-1,pilot-2026-09-25-live
CAL-ABA Compassionate Therapy,https://calabatherapy.com,Fort Lauderdale,FL,2,Cristina Andrade,"Founder & Clinical Director, Ed.S., BCBA",founder,cristina@calabatherapy.com,https://www.linkedin.com/in/cristina-andrade-calaba,google_maps,https://calabatherapy.com,pilot-2026-09-25-live
Lotus Behavioral Interventions,https://lotusbehavior.com,Miami,FL,3,Karelix Alicea,"Founder & President, BCBA, ITDS",founder,karelix@lotusbehavior.com,https://www.linkedin.com/in/karelix-alicea-lotus,aba_index,https://lotusbehavior.com/our-team/,pilot-2026-09-25-live
LEAP with ABA Therapy,https://www.leapwithabatherapy.com,North Fort Myers,FL,1,Liz Laurent Espinosa,"Founder & Clinical Director, M.S., BCBA",founder,liz@leapwithabatherapy.com,https://www.linkedin.com/in/liz-laurent-espinosa,state_directory,https://www.leapwithabatherapy.com,pilot-2026-09-25-live
NeuroDverse Behavioral Health,https://www.neurodverse.com,Doral,FL,1,Gretel Debasa Marimon,"Founder & Clinical Director, BCBA",founder,gretel@neurodverse.com,https://www.linkedin.com/in/gretel-debasa-marimon,google_maps,https://www.neurodverse.com/about-us,pilot-2026-09-25-live
Self Learning Center,https://www.selflc.com,Miami,FL,1,Lucia Barbeyto,"Founder & CEO, MS, BCBA",ceo,lucia@selflc.com,https://www.linkedin.com/in/lucia-barbeyto,state_directory,https://www.selflc.com/our-story,pilot-2026-09-25-live
ABA Therapy Associates,https://www.abatherapyassociates.com,Pinellas Park,FL,2,Lisa Abdalla,"Owner & Director, MA, BCBA, RMHCI",owner,lisa@abatherapyassociates.com,https://www.linkedin.com/in/lisa-abdalla-aba,state_directory,https://www.abatherapyassociates.com/lisa-abdalla,pilot-2026-09-25-live
Koala ABA & Learning Centers,https://koalaaba.com,Doral,FL,3,Pedro Curbelo,Managing Director & CEO,ceo,pedro@koalaaba.com,https://www.linkedin.com/company/koala-aba,aba_index,https://koalaaba.com/our-history/,pilot-2026-09-25-live
Abacus Therapies,https://abacustherapies.com,Boca Raton,FL,2,Brad Fenton,Co-Founder & Executive Director,founder,brad@abacustherapies.com,https://www.linkedin.com/in/brad-fenton-abacus,google_maps,https://abacustherapies.com/who-we-are/,pilot-2026-09-25-live
Apara Autism Center - Tampa Bay,https://aparaautism.com,Tampa,FL,2,Tyler Moore,Co-Founder & Managing Partner,founder,tmoore@aparaautism.com,https://www.linkedin.com/company/apara-autism-center,google_maps,https://aparaautism.com,pilot-2026-09-25-live
ABA Autism Specialists,https://abaautismspecialists.com,San Diego,CA,1,Jesse O'Neil,"Clinical Director, M.Ed., BCBA",exec_director,jesse@abaautismspecialists.com,https://www.linkedin.com/in/jesse-o-neil-bcba,google_maps,https://abaautismspecialists.com/about,pilot-2026-09-25-live
Advanced Behavioral Specialists,https://www.advbehavioral.com,Riverside,CA,2,Hamna Tayyab,"Founder & CEO, M.S., BCBA",ceo,hamna@advbehavioral.com,https://www.linkedin.com/in/hamna-tayyab-bcba,state_directory,https://www.advbehavioral.com/about-us,pilot-2026-09-25-live
ICAN Autism Clinic,https://icanautism.com,San Jose,CA,2,Dr. Saba Torabian,"Founder & CEO, PhD, MS, BCBA",ceo,saba@icanautism.com,https://www.linkedin.com/in/saba-torabian-phd,aba_index,https://icanautism.com/our-team/,pilot-2026-09-25-live
Familias First ABA,https://familiasfirst.com,Los Angeles,CA,2,Ruth Tello-Di Leva,"Founder & President, MS, BCBA",founder,ruth@familiasfirst.com,https://www.linkedin.com/in/ruth-tello-di-leva,state_directory,https://familiasfirst.com/about/,pilot-2026-09-25-live
MeBe Family Behavioral Health,https://mebefamily.com,San Diego,CA,3,Abigail Bunt,"Co-Founder & Executive Clinical Director, M.Ed., BCBA",founder,abigail@mebefamily.com,https://www.linkedin.com/in/abigail-bunt-mebe,state_directory,https://mebefamily.com/about-us/our-people/abigail-bunt/,pilot-2026-09-25-live
Autism Spectrum Therapies (AST) Local,https://autismtherapies.com,Pasadena,CA,3,Dr. Ronald Leaf,"Co-Director & Senior Clinical Consultant, PhD, BCBA-D",exec_director,rleaf@autismtherapies.com,https://www.linkedin.com/company/autism-spectrum-therapies,aba_index,https://autismtherapies.com,pilot-2026-09-25-live
Behavioral Health Works (BHW) SoCal,https://bhwcares.com,Orange,CA,4,Dr. Rob Douk,"Founder & Chief Executive Officer, PsyD, BCBA-D",founder,rdouk@bhwcares.com,https://www.linkedin.com/in/drrobdouk,state_directory,https://bhwcares.com,pilot-2026-09-25-live
Triangle ABA Clinic,https://www.triangleaba.com,Raleigh,NC,2,Amber Nelms,"Founder & CEO, BCBA",founder,amber@triangleaba.com,https://www.linkedin.com/in/amber-nelms-bcba,state_directory,https://www.triangleaba.com/about-us/,pilot-2026-09-25-live
MAS Behavior Consulting,https://masbehavior.com,Raleigh,NC,1,Megan Sheehan,"Founder & BCBA, M.Ed., LBA",founder,megan@masbehavior.com,https://www.linkedin.com/in/megan-sheehan-bcba,google_maps,https://masbehavior.com,pilot-2026-09-25-live
Carolina Center for ABA,https://carolinacenterforaba.com,Charlotte,NC,3,Marcus Vance,"Managing Director & Partner, BCBA",owner,mvance@carolinacenterforaba.com,https://www.linkedin.com/company/carolina-center-for-aba,state_directory,https://carolinacenterforaba.com,pilot-2026-09-25-live
Mosaic Pediatric Therapy,https://mosaictherapy.com,Charlotte,NC,4,Mike Nichols,Founder & CEO,founder,mnichols@mosaictherapy.com,https://www.linkedin.com/in/mikenicholsmosaic,aba_index,https://mosaictherapy.com,pilot-2026-09-25-live
Budding Futures ABA,https://www.buddingfuturesaba.com,Denver,CO,1,Mark Hirsch,Founder & Executive Director,founder,mark@buddingfuturesaba.com,https://www.linkedin.com/in/mark-hirsch-aba,google_maps,https://www.buddingfuturesaba.com/mark-hirsch,pilot-2026-09-25-live
BehaviorSpan Autism Center,https://www.behaviorspan.com,Denver,CO,2,Dr. J.J. Tomash,"Founder & CEO, PhD, BCBA-D",founder,jj@behaviorspan.com,https://www.linkedin.com/in/jj-tomash-bcba,state_directory,https://www.behaviorspan.com/about/,pilot-2026-09-25-live
ContextABA Therapy,https://contextaba.com,Denver,CO,1,Larisa Sheperd,"Founder & Clinical Director, MA, BCBA",founder,larisa@contextaba.com,https://www.linkedin.com/in/larisa-sheperd-bcba,aba_index,https://contextaba.com,pilot-2026-09-25-live
Myers Assessment & Therapeutic Services,https://myersassessment.com,Tyrone,GA,2,Ajah Myers,"CEO & Founder, BCBA",ceo,ajah@myersassessment.com,https://www.linkedin.com/in/ajah-myers-mats,google_maps,https://myersassessment.com/ajah-mayers/,pilot-2026-09-25-live
Early Autism Project - Atlanta,https://earlyautismproject.com,Atlanta,GA,3,Sarah Miller,"Clinical Director, M.S., BCBA",exec_director,smiller@earlyautismproject.com,https://www.linkedin.com/company/early-autism-project,state_directory,https://earlyautismproject.com,pilot-2026-09-25-live
Dominion Behavioral Health,https://dominionbehavioral.com,Richmond,VA,2,Dr. Gregory Scott,"Founder & Medical Director, MD",founder,gscott@dominionbehavioral.com,https://www.linkedin.com/company/dominion-behavioral-healthcare,state_directory,https://dominionbehavioral.com,pilot-2026-09-25-live
Chesapeake Center for ABA,https://chesapeakeaba.com,Bethesda,MD,2,Rachel Hughes,"Clinical Director & Partner, BCBA",owner,rhughes@chesapeakeaba.com,https://www.linkedin.com/company/chesapeake-center,aba_index,https://chesapeakeaba.com,pilot-2026-09-25-live
Chicago Pediatric Therapy & ABA,https://chicagopediatrictherapy.com,Chicago,IL,2,Karen O'Flaherty,"Founder & Executive Director, BCBA",founder,karen@chicagopediatrictherapy.com,https://www.linkedin.com/company/chicago-pediatric-therapy-and-wellness-center,state_directory,https://chicagopediatrictherapy.com,pilot-2026-09-25-live
