email,first_name,last_name,company_name,city,state,locations_count,lead_id,batch_id,website,linkedin_url,subject_1,body_1,tracked_link_1,subject_2,body_2,tracked_link_2,subject_3,body_3,tracked_link_3,subject_4,body_4,tracked_link_4
"amy@abilityaba.com","Dr.","Amy Foxman","Ability ABA Therapy","Dallas","TX","1","lead_0001","pilot-2026-09-25-verified","https://www.abilityaba.com","https://www.linkedin.com/company/ability-aba","Quick question about Ability ABA Therapy's caseload in TX","Hi Dr.,

I was looking at independent ABA practices in Dallas and came across Ability ABA Therapy.

Most clinic owners with 1–3 locations we talk to in TX tell us their primary bottleneck isn't clinical expertise—it's getting a predictable flow of commercial-insurance and private-pay inquiries without selling out to PE roll-ups or burning margin on generic agencies.

We built an intake & patient growth system specifically for independent practices. You can see how the intake flow and caseload matching work here:

https://abaclinics.clubemkt.digital/crm/api/track/click?lid=lead_0001&touch=1&url=https%3A%2F%2Fabaclinics.clubemkt.digital%2Faba%3Flid%3Dlead_0001%26utm_source%3Dcold_email%26utm_medium%3Demail%26utm_campaign%3Dpilot-2026-09-25-verified%26utm_content%3Dtouch_1

Do you have 15 minutes this Thursday or Friday to see if this fits your current openings?

Best,
Hudson Argollo
ABA Practice Growth · Gold Traffic","https://abaclinics.clubemkt.digital/crm/api/track/click?lid=lead_0001&touch=1&url=https%3A%2F%2Fabaclinics.clubemkt.digital%2Faba%3Flid%3Dlead_0001%26utm_source%3Dcold_email%26utm_medium%3Demail%26utm_campaign%3Dpilot-2026-09-25-verified%26utm_content%3Dtouch_1","Re: Ability ABA Therapy's openings in TX","Hi Dr.,

Quick follow-up on my note from earlier this week.

When clinics expand or onboard new BCBAs/RBTs, the hardest part is usually timing: converting waitlisted families the exact week a slot opens rather than watching them drop off to competitor waitlists.

We put together a 20-minute discovery breakdown for independent practices:
https://abaclinics.clubemkt.digital/crm/api/track/click?lid=lead_0001&touch=2&url=https%3A%2F%2Fabaclinics.clubemkt.digital%2Faba%3Flid%3Dlead_0001%26utm_source%3Dcold_email%26utm_medium%3Demail%26utm_campaign%3Dpilot-2026-09-25-verified%26utm_content%3Dtouch_2

Would love to share what's working for clinics in TX if you're open to comparing notes.

Best,
Hudson","https://abaclinics.clubemkt.digital/crm/api/track/click?lid=lead_0001&touch=2&url=https%3A%2F%2Fabaclinics.clubemkt.digital%2Faba%3Flid%3Dlead_0001%26utm_source%3Dcold_email%26utm_medium%3Demail%26utm_campaign%3Dpilot-2026-09-25-verified%26utm_content%3Dtouch_2","Filling Ability ABA Therapy's caseload (TX)","Hi Dr.,

I know you're busy running Ability ABA Therapy and managing clinical plans.

If patient intake or waitlist conversion isn't a priority right now, no worries at all. If you ever want to check our 2-minute fit assessment or see if our model works for your current capacity, you can bookmark this link:

https://abaclinics.clubemkt.digital/crm/api/track/click?lid=lead_0001&touch=3&url=https%3A%2F%2Fabaclinics.clubemkt.digital%2Faba%3Flid%3Dlead_0001%26utm_source%3Dcold_email%26utm_medium%3Demail%26utm_campaign%3Dpilot-2026-09-25-verified%26utm_content%3Dtouch_3

Wishing you and your clinical team continued success in Dallas!

Best,
Hudson","https://abaclinics.clubemkt.digital/crm/api/track/click?lid=lead_0001&touch=3&url=https%3A%2F%2Fabaclinics.clubemkt.digital%2Faba%3Flid%3Dlead_0001%26utm_source%3Dcold_email%26utm_medium%3Demail%26utm_campaign%3Dpilot-2026-09-25-verified%26utm_content%3Dtouch_3","Closing out Ability ABA Therapy's file for now?","Hi Dr.,

Usually when I haven't heard back, it means one of two things:
1. Your caseload and waitlist in in Dallas are already at 100% capacity.
2. You're interested, but the timing is bad.

If you'd like me to follow up in a few months when you're looking to open new rooms or hire BCBAs, just reply ""later"".

Otherwise, if you ever want to review our intake framework, it's always live at:
https://abaclinics.clubemkt.digital/crm/api/track/click?lid=lead_0001&touch=4&url=https%3A%2F%2Fabaclinics.clubemkt.digital%2Faba%3Flid%3Dlead_0001%26utm_source%3Dcold_email%26utm_medium%3Demail%26utm_campaign%3Dpilot-2026-09-25-verified%26utm_content%3Dtouch_4

Thanks for all you do for the autism community in TX.

Best,
Hudson","https://abaclinics.clubemkt.digital/crm/api/track/click?lid=lead_0001&touch=4&url=https%3A%2F%2Fabaclinics.clubemkt.digital%2Faba%3Flid%3Dlead_0001%26utm_source%3Dcold_email%26utm_medium%3Demail%26utm_campaign%3Dpilot-2026-09-25-verified%26utm_content%3Dtouch_4"
"samantha@treeoflifeaba.com","Samantha","Sanchez","Tree of Life ABA Therapy","Austin","TX","1","lead_0002","pilot-2026-09-25-verified","https://treeoflifeaba.com","https://www.linkedin.com/in/sa-sanchez-g118","Quick question about Tree of Life ABA Therapy's caseload in TX","Hi Samantha,

I was looking at independent ABA practices in Austin and came across Tree of Life ABA Therapy.

Most clinic owners with 1–3 locations we talk to in TX tell us their primary bottleneck isn't clinical expertise—it's getting a predictable flow of commercial-insurance and private-pay inquiries without selling out to PE roll-ups or burning margin on generic agencies.

We built an intake & patient growth system specifically for independent practices. You can see how the intake flow and caseload matching work here:

https://abaclinics.clubemkt.digital/crm/api/track/click?lid=lead_0002&touch=1&url=https%3A%2F%2Fabaclinics.clubemkt.digital%2Faba%3Flid%3Dlead_0002%26utm_source%3Dcold_email%26utm_medium%3Demail%26utm_campaign%3Dpilot-2026-09-25-verified%26utm_content%3Dtouch_1

Do you have 15 minutes this Thursday or Friday to see if this fits your current openings?

Best,
Hudson Argollo
ABA Practice Growth · Gold Traffic","https://abaclinics.clubemkt.digital/crm/api/track/click?lid=lead_0002&touch=1&url=https%3A%2F%2Fabaclinics.clubemkt.digital%2Faba%3Flid%3Dlead_0002%26utm_source%3Dcold_email%26utm_medium%3Demail%26utm_campaign%3Dpilot-2026-09-25-verified%26utm_content%3Dtouch_1","Re: Tree of Life ABA Therapy's openings in TX","Hi Samantha,

Quick follow-up on my note from earlier this week.

When clinics expand or onboard new BCBAs/RBTs, the hardest part is usually timing: converting waitlisted families the exact week a slot opens rather than watching them drop off to competitor waitlists.

We put together a 20-minute discovery breakdown for independent practices:
https://abaclinics.clubemkt.digital/crm/api/track/click?lid=lead_0002&touch=2&url=https%3A%2F%2Fabaclinics.clubemkt.digital%2Faba%3Flid%3Dlead_0002%26utm_source%3Dcold_email%26utm_medium%3Demail%26utm_campaign%3Dpilot-2026-09-25-verified%26utm_content%3Dtouch_2

Would love to share what's working for clinics in TX if you're open to comparing notes.

Best,
Hudson","https://abaclinics.clubemkt.digital/crm/api/track/click?lid=lead_0002&touch=2&url=https%3A%2F%2Fabaclinics.clubemkt.digital%2Faba%3Flid%3Dlead_0002%26utm_source%3Dcold_email%26utm_medium%3Demail%26utm_campaign%3Dpilot-2026-09-25-verified%26utm_content%3Dtouch_2","Filling Tree of Life ABA Therapy's caseload (TX)","Hi Samantha,

I know you're busy running Tree of Life ABA Therapy and managing clinical plans.

If patient intake or waitlist conversion isn't a priority right now, no worries at all. If you ever want to check our 2-minute fit assessment or see if our model works for your current capacity, you can bookmark this link:

https://abaclinics.clubemkt.digital/crm/api/track/click?lid=lead_0002&touch=3&url=https%3A%2F%2Fabaclinics.clubemkt.digital%2Faba%3Flid%3Dlead_0002%26utm_source%3Dcold_email%26utm_medium%3Demail%26utm_campaign%3Dpilot-2026-09-25-verified%26utm_content%3Dtouch_3

Wishing you and your clinical team continued success in Austin!

Best,
Hudson","https://abaclinics.clubemkt.digital/crm/api/track/click?lid=lead_0002&touch=3&url=https%3A%2F%2Fabaclinics.clubemkt.digital%2Faba%3Flid%3Dlead_0002%26utm_source%3Dcold_email%26utm_medium%3Demail%26utm_campaign%3Dpilot-2026-09-25-verified%26utm_content%3Dtouch_3","Closing out Tree of Life ABA Therapy's file for now?","Hi Samantha,

Usually when I haven't heard back, it means one of two things:
1. Your caseload and waitlist in in Austin are already at 100% capacity.
2. You're interested, but the timing is bad.

If you'd like me to follow up in a few months when you're looking to open new rooms or hire BCBAs, just reply ""later"".

Otherwise, if you ever want to review our intake framework, it's always live at:
https://abaclinics.clubemkt.digital/crm/api/track/click?lid=lead_0002&touch=4&url=https%3A%2F%2Fabaclinics.clubemkt.digital%2Faba%3Flid%3Dlead_0002%26utm_source%3Dcold_email%26utm_medium%3Demail%26utm_campaign%3Dpilot-2026-09-25-verified%26utm_content%3Dtouch_4

Thanks for all you do for the autism community in TX.

Best,
Hudson","https://abaclinics.clubemkt.digital/crm/api/track/click?lid=lead_0002&touch=4&url=https%3A%2F%2Fabaclinics.clubemkt.digital%2Faba%3Flid%3Dlead_0002%26utm_source%3Dcold_email%26utm_medium%3Demail%26utm_campaign%3Dpilot-2026-09-25-verified%26utm_content%3Dtouch_4"
"michelle.kuhn@galliantcare.com","Dr.","Michelle Kuhn","Galliant Autism Care","Dallas","TX","3","lead_0003","pilot-2026-09-25-verified","https://www.galliantcare.com","https://www.linkedin.com/in/michelle-kuhn-galliant","Quick question about Galliant Autism Care's caseload in TX","Hi Dr.,

I was looking at independent ABA practices in Dallas and came across Galliant Autism Care.

Most clinic owners with 1–3 locations we talk to in TX tell us their primary bottleneck isn't clinical expertise—it's getting a predictable flow of commercial-insurance and private-pay inquiries without selling out to PE roll-ups or burning margin on generic agencies.

We built an intake & patient growth system specifically for independent practices. You can see how the intake flow and caseload matching work here:

https://abaclinics.clubemkt.digital/crm/api/track/click?lid=lead_0003&touch=1&url=https%3A%2F%2Fabaclinics.clubemkt.digital%2Faba%3Flid%3Dlead_0003%26utm_source%3Dcold_email%26utm_medium%3Demail%26utm_campaign%3Dpilot-2026-09-25-verified%26utm_content%3Dtouch_1

Do you have 15 minutes this Thursday or Friday to see if this fits your current openings?

Best,
Hudson Argollo
ABA Practice Growth · Gold Traffic","https://abaclinics.clubemkt.digital/crm/api/track/click?lid=lead_0003&touch=1&url=https%3A%2F%2Fabaclinics.clubemkt.digital%2Faba%3Flid%3Dlead_0003%26utm_source%3Dcold_email%26utm_medium%3Demail%26utm_campaign%3Dpilot-2026-09-25-verified%26utm_content%3Dtouch_1","Re: Galliant Autism Care's openings in TX","Hi Dr.,

Quick follow-up on my note from earlier this week.

When clinics expand or onboard new BCBAs/RBTs, the hardest part is usually timing: converting waitlisted families the exact week a slot opens rather than watching them drop off to competitor waitlists.

We put together a 20-minute discovery breakdown for independent practices:
https://abaclinics.clubemkt.digital/crm/api/track/click?lid=lead_0003&touch=2&url=https%3A%2F%2Fabaclinics.clubemkt.digital%2Faba%3Flid%3Dlead_0003%26utm_source%3Dcold_email%26utm_medium%3Demail%26utm_campaign%3Dpilot-2026-09-25-verified%26utm_content%3Dtouch_2

Would love to share what's working for clinics in TX if you're open to comparing notes.

Best,
Hudson","https://abaclinics.clubemkt.digital/crm/api/track/click?lid=lead_0003&touch=2&url=https%3A%2F%2Fabaclinics.clubemkt.digital%2Faba%3Flid%3Dlead_0003%26utm_source%3Dcold_email%26utm_medium%3Demail%26utm_campaign%3Dpilot-2026-09-25-verified%26utm_content%3Dtouch_2","Filling Galliant Autism Care's caseload (TX)","Hi Dr.,

I know you're busy running Galliant Autism Care and managing clinical plans.

If patient intake or waitlist conversion isn't a priority right now, no worries at all. If you ever want to check our 2-minute fit assessment or see if our model works for your current capacity, you can bookmark this link:

https://abaclinics.clubemkt.digital/crm/api/track/click?lid=lead_0003&touch=3&url=https%3A%2F%2Fabaclinics.clubemkt.digital%2Faba%3Flid%3Dlead_0003%26utm_source%3Dcold_email%26utm_medium%3Demail%26utm_campaign%3Dpilot-2026-09-25-verified%26utm_content%3Dtouch_3

Wishing you and your clinical team continued success in Dallas!

Best,
Hudson","https://abaclinics.clubemkt.digital/crm/api/track/click?lid=lead_0003&touch=3&url=https%3A%2F%2Fabaclinics.clubemkt.digital%2Faba%3Flid%3Dlead_0003%26utm_source%3Dcold_email%26utm_medium%3Demail%26utm_campaign%3Dpilot-2026-09-25-verified%26utm_content%3Dtouch_3","Closing out Galliant Autism Care's file for now?","Hi Dr.,

Usually when I haven't heard back, it means one of two things:
1. Your caseload and waitlist in in Dallas are already at 100% capacity.
2. You're interested, but the timing is bad.

If you'd like me to follow up in a few months when you're looking to open new rooms or hire BCBAs, just reply ""later"".

Otherwise, if you ever want to review our intake framework, it's always live at:
https://abaclinics.clubemkt.digital/crm/api/track/click?lid=lead_0003&touch=4&url=https%3A%2F%2Fabaclinics.clubemkt.digital%2Faba%3Flid%3Dlead_0003%26utm_source%3Dcold_email%26utm_medium%3Demail%26utm_campaign%3Dpilot-2026-09-25-verified%26utm_content%3Dtouch_4

Thanks for all you do for the autism community in TX.

Best,
Hudson","https://abaclinics.clubemkt.digital/crm/api/track/click?lid=lead_0003&touch=4&url=https%3A%2F%2Fabaclinics.clubemkt.digital%2Faba%3Flid%3Dlead_0003%26utm_source%3Dcold_email%26utm_medium%3Demail%26utm_campaign%3Dpilot-2026-09-25-verified%26utm_content%3Dtouch_4"
"info@aggielandautism.com","Lynn","M.","Aggieland Autism Center","College Station","TX","1","lead_0004","pilot-2026-09-25-verified","https://aggielandautismcenter.com","https://www.linkedin.com/company/aggieland-autism-center","Quick question about Aggieland Autism Center's caseload in TX","Hi Lynn,

I was looking at independent ABA practices in College Station and came across Aggieland Autism Center.

Most clinic owners with 1–3 locations we talk to in TX tell us their primary bottleneck isn't clinical expertise—it's getting a predictable flow of commercial-insurance and private-pay inquiries without selling out to PE roll-ups or burning margin on generic agencies.

We built an intake & patient growth system specifically for independent practices. You can see how the intake flow and caseload matching work here:

https://abaclinics.clubemkt.digital/crm/api/track/click?lid=lead_0004&touch=1&url=https%3A%2F%2Fabaclinics.clubemkt.digital%2Faba%3Flid%3Dlead_0004%26utm_source%3Dcold_email%26utm_medium%3Demail%26utm_campaign%3Dpilot-2026-09-25-verified%26utm_content%3Dtouch_1

Do you have 15 minutes this Thursday or Friday to see if this fits your current openings?

Best,
Hudson Argollo
ABA Practice Growth · Gold Traffic","https://abaclinics.clubemkt.digital/crm/api/track/click?lid=lead_0004&touch=1&url=https%3A%2F%2Fabaclinics.clubemkt.digital%2Faba%3Flid%3Dlead_0004%26utm_source%3Dcold_email%26utm_medium%3Demail%26utm_campaign%3Dpilot-2026-09-25-verified%26utm_content%3Dtouch_1","Re: Aggieland Autism Center's openings in TX","Hi Lynn,

Quick follow-up on my note from earlier this week.

When clinics expand or onboard new BCBAs/RBTs, the hardest part is usually timing: converting waitlisted families the exact week a slot opens rather than watching them drop off to competitor waitlists.

We put together a 20-minute discovery breakdown for independent practices:
https://abaclinics.clubemkt.digital/crm/api/track/click?lid=lead_0004&touch=2&url=https%3A%2F%2Fabaclinics.clubemkt.digital%2Faba%3Flid%3Dlead_0004%26utm_source%3Dcold_email%26utm_medium%3Demail%26utm_campaign%3Dpilot-2026-09-25-verified%26utm_content%3Dtouch_2

Would love to share what's working for clinics in TX if you're open to comparing notes.

Best,
Hudson","https://abaclinics.clubemkt.digital/crm/api/track/click?lid=lead_0004&touch=2&url=https%3A%2F%2Fabaclinics.clubemkt.digital%2Faba%3Flid%3Dlead_0004%26utm_source%3Dcold_email%26utm_medium%3Demail%26utm_campaign%3Dpilot-2026-09-25-verified%26utm_content%3Dtouch_2","Filling Aggieland Autism Center's caseload (TX)","Hi Lynn,

I know you're busy running Aggieland Autism Center and managing clinical plans.

If patient intake or waitlist conversion isn't a priority right now, no worries at all. If you ever want to check our 2-minute fit assessment or see if our model works for your current capacity, you can bookmark this link:

https://abaclinics.clubemkt.digital/crm/api/track/click?lid=lead_0004&touch=3&url=https%3A%2F%2Fabaclinics.clubemkt.digital%2Faba%3Flid%3Dlead_0004%26utm_source%3Dcold_email%26utm_medium%3Demail%26utm_campaign%3Dpilot-2026-09-25-verified%26utm_content%3Dtouch_3

Wishing you and your clinical team continued success in College Station!

Best,
Hudson","https://abaclinics.clubemkt.digital/crm/api/track/click?lid=lead_0004&touch=3&url=https%3A%2F%2Fabaclinics.clubemkt.digital%2Faba%3Flid%3Dlead_0004%26utm_source%3Dcold_email%26utm_medium%3Demail%26utm_campaign%3Dpilot-2026-09-25-verified%26utm_content%3Dtouch_3","Closing out Aggieland Autism Center's file for now?","Hi Lynn,

Usually when I haven't heard back, it means one of two things:
1. Your caseload and waitlist in in College Station are already at 100% capacity.
2. You're interested, but the timing is bad.

If you'd like me to follow up in a few months when you're looking to open new rooms or hire BCBAs, just reply ""later"".

Otherwise, if you ever want to review our intake framework, it's always live at:
https://abaclinics.clubemkt.digital/crm/api/track/click?lid=lead_0004&touch=4&url=https%3A%2F%2Fabaclinics.clubemkt.digital%2Faba%3Flid%3Dlead_0004%26utm_source%3Dcold_email%26utm_medium%3Demail%26utm_campaign%3Dpilot-2026-09-25-verified%26utm_content%3Dtouch_4

Thanks for all you do for the autism community in TX.

Best,
Hudson","https://abaclinics.clubemkt.digital/crm/api/track/click?lid=lead_0004&touch=4&url=https%3A%2F%2Fabaclinics.clubemkt.digital%2Faba%3Flid%3Dlead_0004%26utm_source%3Dcold_email%26utm_medium%3Demail%26utm_campaign%3Dpilot-2026-09-25-verified%26utm_content%3Dtouch_4"
"faith@brightpathbehavior.com","Faith","Finstad","BrightPath Behavior","Sugar Land","TX","2","lead_0005","pilot-2026-09-25-verified","https://brightpathbehavior.com","https://www.linkedin.com/in/faith-finstad-bcba","Quick question about BrightPath Behavior's caseload in TX","Hi Faith,

I was looking at independent ABA practices in Sugar Land and came across BrightPath Behavior.

Most clinic owners with 1–3 locations we talk to in TX tell us their primary bottleneck isn't clinical expertise—it's getting a predictable flow of commercial-insurance and private-pay inquiries without selling out to PE roll-ups or burning margin on generic agencies.

We built an intake & patient growth system specifically for independent practices. You can see how the intake flow and caseload matching work here:

https://abaclinics.clubemkt.digital/crm/api/track/click?lid=lead_0005&touch=1&url=https%3A%2F%2Fabaclinics.clubemkt.digital%2Faba%3Flid%3Dlead_0005%26utm_source%3Dcold_email%26utm_medium%3Demail%26utm_campaign%3Dpilot-2026-09-25-verified%26utm_content%3Dtouch_1

Do you have 15 minutes this Thursday or Friday to see if this fits your current openings?

Best,
Hudson Argollo
ABA Practice Growth · Gold Traffic","https://abaclinics.clubemkt.digital/crm/api/track/click?lid=lead_0005&touch=1&url=https%3A%2F%2Fabaclinics.clubemkt.digital%2Faba%3Flid%3Dlead_0005%26utm_source%3Dcold_email%26utm_medium%3Demail%26utm_campaign%3Dpilot-2026-09-25-verified%26utm_content%3Dtouch_1","Re: BrightPath Behavior's openings in TX","Hi Faith,

Quick follow-up on my note from earlier this week.

When clinics expand or onboard new BCBAs/RBTs, the hardest part is usually timing: converting waitlisted families the exact week a slot opens rather than watching them drop off to competitor waitlists.

We put together a 20-minute discovery breakdown for independent practices:
https://abaclinics.clubemkt.digital/crm/api/track/click?lid=lead_0005&touch=2&url=https%3A%2F%2Fabaclinics.clubemkt.digital%2Faba%3Flid%3Dlead_0005%26utm_source%3Dcold_email%26utm_medium%3Demail%26utm_campaign%3Dpilot-2026-09-25-verified%26utm_content%3Dtouch_2

Would love to share what's working for clinics in TX if you're open to comparing notes.

Best,
Hudson","https://abaclinics.clubemkt.digital/crm/api/track/click?lid=lead_0005&touch=2&url=https%3A%2F%2Fabaclinics.clubemkt.digital%2Faba%3Flid%3Dlead_0005%26utm_source%3Dcold_email%26utm_medium%3Demail%26utm_campaign%3Dpilot-2026-09-25-verified%26utm_content%3Dtouch_2","Filling BrightPath Behavior's caseload (TX)","Hi Faith,

I know you're busy running BrightPath Behavior and managing clinical plans.

If patient intake or waitlist conversion isn't a priority right now, no worries at all. If you ever want to check our 2-minute fit assessment or see if our model works for your current capacity, you can bookmark this link:

https://abaclinics.clubemkt.digital/crm/api/track/click?lid=lead_0005&touch=3&url=https%3A%2F%2Fabaclinics.clubemkt.digital%2Faba%3Flid%3Dlead_0005%26utm_source%3Dcold_email%26utm_medium%3Demail%26utm_campaign%3Dpilot-2026-09-25-verified%26utm_content%3Dtouch_3

Wishing you and your clinical team continued success in Sugar Land!

Best,
Hudson","https://abaclinics.clubemkt.digital/crm/api/track/click?lid=lead_0005&touch=3&url=https%3A%2F%2Fabaclinics.clubemkt.digital%2Faba%3Flid%3Dlead_0005%26utm_source%3Dcold_email%26utm_medium%3Demail%26utm_campaign%3Dpilot-2026-09-25-verified%26utm_content%3Dtouch_3","Closing out BrightPath Behavior's file for now?","Hi Faith,

Usually when I haven't heard back, it means one of two things:
1. Your caseload and waitlist in in Sugar Land are already at 100% capacity.
2. You're interested, but the timing is bad.

If you'd like me to follow up in a few months when you're looking to open new rooms or hire BCBAs, just reply ""later"".

Otherwise, if you ever want to review our intake framework, it's always live at:
https://abaclinics.clubemkt.digital/crm/api/track/click?lid=lead_0005&touch=4&url=https%3A%2F%2Fabaclinics.clubemkt.digital%2Faba%3Flid%3Dlead_0005%26utm_source%3Dcold_email%26utm_medium%3Demail%26utm_campaign%3Dpilot-2026-09-25-verified%26utm_content%3Dtouch_4

Thanks for all you do for the autism community in TX.

Best,
Hudson","https://abaclinics.clubemkt.digital/crm/api/track/click?lid=lead_0005&touch=4&url=https%3A%2F%2Fabaclinics.clubemkt.digital%2Faba%3Flid%3Dlead_0005%26utm_source%3Dcold_email%26utm_medium%3Demail%26utm_campaign%3Dpilot-2026-09-25-verified%26utm_content%3Dtouch_4"
"info@restoreaba.com","Clinical","Director","Restore ABA & Speech Therapy","Cypress","TX","2","lead_0006","pilot-2026-09-25-verified","https://restoreaba.com","https://www.linkedin.com/company/restore-aba","Quick question about Restore ABA & Speech Therapy's caseload in TX","Hi Clinical,

I was looking at independent ABA practices in Cypress and came across Restore ABA & Speech Therapy.

Most clinic owners with 1–3 locations we talk to in TX tell us their primary bottleneck isn't clinical expertise—it's getting a predictable flow of commercial-insurance and private-pay inquiries without selling out to PE roll-ups or burning margin on generic agencies.

We built an intake & patient growth system specifically for independent practices. You can see how the intake flow and caseload matching work here:

https://abaclinics.clubemkt.digital/crm/api/track/click?lid=lead_0006&touch=1&url=https%3A%2F%2Fabaclinics.clubemkt.digital%2Faba%3Flid%3Dlead_0006%26utm_source%3Dcold_email%26utm_medium%3Demail%26utm_campaign%3Dpilot-2026-09-25-verified%26utm_content%3Dtouch_1

Do you have 15 minutes this Thursday or Friday to see if this fits your current openings?

Best,
Hudson Argollo
ABA Practice Growth · Gold Traffic","https://abaclinics.clubemkt.digital/crm/api/track/click?lid=lead_0006&touch=1&url=https%3A%2F%2Fabaclinics.clubemkt.digital%2Faba%3Flid%3Dlead_0006%26utm_source%3Dcold_email%26utm_medium%3Demail%26utm_campaign%3Dpilot-2026-09-25-verified%26utm_content%3Dtouch_1","Re: Restore ABA & Speech Therapy's openings in TX","Hi Clinical,

Quick follow-up on my note from earlier this week.

When clinics expand or onboard new BCBAs/RBTs, the hardest part is usually timing: converting waitlisted families the exact week a slot opens rather than watching them drop off to competitor waitlists.

We put together a 20-minute discovery breakdown for independent practices:
https://abaclinics.clubemkt.digital/crm/api/track/click?lid=lead_0006&touch=2&url=https%3A%2F%2Fabaclinics.clubemkt.digital%2Faba%3Flid%3Dlead_0006%26utm_source%3Dcold_email%26utm_medium%3Demail%26utm_campaign%3Dpilot-2026-09-25-verified%26utm_content%3Dtouch_2

Would love to share what's working for clinics in TX if you're open to comparing notes.

Best,
Hudson","https://abaclinics.clubemkt.digital/crm/api/track/click?lid=lead_0006&touch=2&url=https%3A%2F%2Fabaclinics.clubemkt.digital%2Faba%3Flid%3Dlead_0006%26utm_source%3Dcold_email%26utm_medium%3Demail%26utm_campaign%3Dpilot-2026-09-25-verified%26utm_content%3Dtouch_2","Filling Restore ABA & Speech Therapy's caseload (TX)","Hi Clinical,

I know you're busy running Restore ABA & Speech Therapy and managing clinical plans.

If patient intake or waitlist conversion isn't a priority right now, no worries at all. If you ever want to check our 2-minute fit assessment or see if our model works for your current capacity, you can bookmark this link:

https://abaclinics.clubemkt.digital/crm/api/track/click?lid=lead_0006&touch=3&url=https%3A%2F%2Fabaclinics.clubemkt.digital%2Faba%3Flid%3Dlead_0006%26utm_source%3Dcold_email%26utm_medium%3Demail%26utm_campaign%3Dpilot-2026-09-25-verified%26utm_content%3Dtouch_3

Wishing you and your clinical team continued success in Cypress!

Best,
Hudson","https://abaclinics.clubemkt.digital/crm/api/track/click?lid=lead_0006&touch=3&url=https%3A%2F%2Fabaclinics.clubemkt.digital%2Faba%3Flid%3Dlead_0006%26utm_source%3Dcold_email%26utm_medium%3Demail%26utm_campaign%3Dpilot-2026-09-25-verified%26utm_content%3Dtouch_3","Closing out Restore ABA & Speech Therapy's file for now?","Hi Clinical,

Usually when I haven't heard back, it means one of two things:
1. Your caseload and waitlist in in Cypress are already at 100% capacity.
2. You're interested, but the timing is bad.

If you'd like me to follow up in a few months when you're looking to open new rooms or hire BCBAs, just reply ""later"".

Otherwise, if you ever want to review our intake framework, it's always live at:
https://abaclinics.clubemkt.digital/crm/api/track/click?lid=lead_0006&touch=4&url=https%3A%2F%2Fabaclinics.clubemkt.digital%2Faba%3Flid%3Dlead_0006%26utm_source%3Dcold_email%26utm_medium%3Demail%26utm_campaign%3Dpilot-2026-09-25-verified%26utm_content%3Dtouch_4

Thanks for all you do for the autism community in TX.

Best,
Hudson","https://abaclinics.clubemkt.digital/crm/api/track/click?lid=lead_0006&touch=4&url=https%3A%2F%2Fabaclinics.clubemkt.digital%2Faba%3Flid%3Dlead_0006%26utm_source%3Dcold_email%26utm_medium%3Demail%26utm_campaign%3Dpilot-2026-09-25-verified%26utm_content%3Dtouch_4"
"ana@pbpbehavior.com","Annabelle","Lozano","Piece-by-Piece Behavioral Therapy","Miami","FL","1","lead_0007","pilot-2026-09-25-verified","https://www.pbpbehavior.com","https://www.linkedin.com/in/annabelle-lozano-bcba","Quick question about Piece-by-Piece Behavioral Therapy's caseload in FL","Hi Annabelle,

I was looking at independent ABA practices in Miami and came across Piece-by-Piece Behavioral Therapy.

Most clinic owners with 1–3 locations we talk to in FL tell us their primary bottleneck isn't clinical expertise—it's getting a predictable flow of commercial-insurance and private-pay inquiries without selling out to PE roll-ups or burning margin on generic agencies.

We built an intake & patient growth system specifically for independent practices. You can see how the intake flow and caseload matching work here:

https://abaclinics.clubemkt.digital/crm/api/track/click?lid=lead_0007&touch=1&url=https%3A%2F%2Fabaclinics.clubemkt.digital%2Faba%3Flid%3Dlead_0007%26utm_source%3Dcold_email%26utm_medium%3Demail%26utm_campaign%3Dpilot-2026-09-25-verified%26utm_content%3Dtouch_1

Do you have 15 minutes this Thursday or Friday to see if this fits your current openings?

Best,
Hudson Argollo
ABA Practice Growth · Gold Traffic","https://abaclinics.clubemkt.digital/crm/api/track/click?lid=lead_0007&touch=1&url=https%3A%2F%2Fabaclinics.clubemkt.digital%2Faba%3Flid%3Dlead_0007%26utm_source%3Dcold_email%26utm_medium%3Demail%26utm_campaign%3Dpilot-2026-09-25-verified%26utm_content%3Dtouch_1","Re: Piece-by-Piece Behavioral Therapy's openings in FL","Hi Annabelle,

Quick follow-up on my note from earlier this week.

When clinics expand or onboard new BCBAs/RBTs, the hardest part is usually timing: converting waitlisted families the exact week a slot opens rather than watching them drop off to competitor waitlists.

We put together a 20-minute discovery breakdown for independent practices:
https://abaclinics.clubemkt.digital/crm/api/track/click?lid=lead_0007&touch=2&url=https%3A%2F%2Fabaclinics.clubemkt.digital%2Faba%3Flid%3Dlead_0007%26utm_source%3Dcold_email%26utm_medium%3Demail%26utm_campaign%3Dpilot-2026-09-25-verified%26utm_content%3Dtouch_2

Would love to share what's working for clinics in FL if you're open to comparing notes.

Best,
Hudson","https://abaclinics.clubemkt.digital/crm/api/track/click?lid=lead_0007&touch=2&url=https%3A%2F%2Fabaclinics.clubemkt.digital%2Faba%3Flid%3Dlead_0007%26utm_source%3Dcold_email%26utm_medium%3Demail%26utm_campaign%3Dpilot-2026-09-25-verified%26utm_content%3Dtouch_2","Filling Piece-by-Piece Behavioral Therapy's caseload (FL)","Hi Annabelle,

I know you're busy running Piece-by-Piece Behavioral Therapy and managing clinical plans.

If patient intake or waitlist conversion isn't a priority right now, no worries at all. If you ever want to check our 2-minute fit assessment or see if our model works for your current capacity, you can bookmark this link:

https://abaclinics.clubemkt.digital/crm/api/track/click?lid=lead_0007&touch=3&url=https%3A%2F%2Fabaclinics.clubemkt.digital%2Faba%3Flid%3Dlead_0007%26utm_source%3Dcold_email%26utm_medium%3Demail%26utm_campaign%3Dpilot-2026-09-25-verified%26utm_content%3Dtouch_3

Wishing you and your clinical team continued success in Miami!

Best,
Hudson","https://abaclinics.clubemkt.digital/crm/api/track/click?lid=lead_0007&touch=3&url=https%3A%2F%2Fabaclinics.clubemkt.digital%2Faba%3Flid%3Dlead_0007%26utm_source%3Dcold_email%26utm_medium%3Demail%26utm_campaign%3Dpilot-2026-09-25-verified%26utm_content%3Dtouch_3","Closing out Piece-by-Piece Behavioral Therapy's file for now?","Hi Annabelle,

Usually when I haven't heard back, it means one of two things:
1. Your caseload and waitlist in in Miami are already at 100% capacity.
2. You're interested, but the timing is bad.

If you'd like me to follow up in a few months when you're looking to open new rooms or hire BCBAs, just reply ""later"".

Otherwise, if you ever want to review our intake framework, it's always live at:
https://abaclinics.clubemkt.digital/crm/api/track/click?lid=lead_0007&touch=4&url=https%3A%2F%2Fabaclinics.clubemkt.digital%2Faba%3Flid%3Dlead_0007%26utm_source%3Dcold_email%26utm_medium%3Demail%26utm_campaign%3Dpilot-2026-09-25-verified%26utm_content%3Dtouch_4

Thanks for all you do for the autism community in FL.

Best,
Hudson","https://abaclinics.clubemkt.digital/crm/api/track/click?lid=lead_0007&touch=4&url=https%3A%2F%2Fabaclinics.clubemkt.digital%2Faba%3Flid%3Dlead_0007%26utm_source%3Dcold_email%26utm_medium%3Demail%26utm_campaign%3Dpilot-2026-09-25-verified%26utm_content%3Dtouch_4"
"cristina@calabatherapy.com","Cristina","Andrade","CAL-ABA Compassionate Therapy","Fort Lauderdale","FL","2","lead_0008","pilot-2026-09-25-verified","https://calabatherapy.com","https://www.linkedin.com/in/cristina-andrade-calaba","Quick question about CAL-ABA Compassionate Therapy's caseload in FL","Hi Cristina,

I was looking at independent ABA practices in Fort Lauderdale and came across CAL-ABA Compassionate Therapy.

Most clinic owners with 1–3 locations we talk to in FL tell us their primary bottleneck isn't clinical expertise—it's getting a predictable flow of commercial-insurance and private-pay inquiries without selling out to PE roll-ups or burning margin on generic agencies.

We built an intake & patient growth system specifically for independent practices. You can see how the intake flow and caseload matching work here:

https://abaclinics.clubemkt.digital/crm/api/track/click?lid=lead_0008&touch=1&url=https%3A%2F%2Fabaclinics.clubemkt.digital%2Faba%3Flid%3Dlead_0008%26utm_source%3Dcold_email%26utm_medium%3Demail%26utm_campaign%3Dpilot-2026-09-25-verified%26utm_content%3Dtouch_1

Do you have 15 minutes this Thursday or Friday to see if this fits your current openings?

Best,
Hudson Argollo
ABA Practice Growth · Gold Traffic","https://abaclinics.clubemkt.digital/crm/api/track/click?lid=lead_0008&touch=1&url=https%3A%2F%2Fabaclinics.clubemkt.digital%2Faba%3Flid%3Dlead_0008%26utm_source%3Dcold_email%26utm_medium%3Demail%26utm_campaign%3Dpilot-2026-09-25-verified%26utm_content%3Dtouch_1","Re: CAL-ABA Compassionate Therapy's openings in FL","Hi Cristina,

Quick follow-up on my note from earlier this week.

When clinics expand or onboard new BCBAs/RBTs, the hardest part is usually timing: converting waitlisted families the exact week a slot opens rather than watching them drop off to competitor waitlists.

We put together a 20-minute discovery breakdown for independent practices:
https://abaclinics.clubemkt.digital/crm/api/track/click?lid=lead_0008&touch=2&url=https%3A%2F%2Fabaclinics.clubemkt.digital%2Faba%3Flid%3Dlead_0008%26utm_source%3Dcold_email%26utm_medium%3Demail%26utm_campaign%3Dpilot-2026-09-25-verified%26utm_content%3Dtouch_2

Would love to share what's working for clinics in FL if you're open to comparing notes.

Best,
Hudson","https://abaclinics.clubemkt.digital/crm/api/track/click?lid=lead_0008&touch=2&url=https%3A%2F%2Fabaclinics.clubemkt.digital%2Faba%3Flid%3Dlead_0008%26utm_source%3Dcold_email%26utm_medium%3Demail%26utm_campaign%3Dpilot-2026-09-25-verified%26utm_content%3Dtouch_2","Filling CAL-ABA Compassionate Therapy's caseload (FL)","Hi Cristina,

I know you're busy running CAL-ABA Compassionate Therapy and managing clinical plans.

If patient intake or waitlist conversion isn't a priority right now, no worries at all. If you ever want to check our 2-minute fit assessment or see if our model works for your current capacity, you can bookmark this link:

https://abaclinics.clubemkt.digital/crm/api/track/click?lid=lead_0008&touch=3&url=https%3A%2F%2Fabaclinics.clubemkt.digital%2Faba%3Flid%3Dlead_0008%26utm_source%3Dcold_email%26utm_medium%3Demail%26utm_campaign%3Dpilot-2026-09-25-verified%26utm_content%3Dtouch_3

Wishing you and your clinical team continued success in Fort Lauderdale!

Best,
Hudson","https://abaclinics.clubemkt.digital/crm/api/track/click?lid=lead_0008&touch=3&url=https%3A%2F%2Fabaclinics.clubemkt.digital%2Faba%3Flid%3Dlead_0008%26utm_source%3Dcold_email%26utm_medium%3Demail%26utm_campaign%3Dpilot-2026-09-25-verified%26utm_content%3Dtouch_3","Closing out CAL-ABA Compassionate Therapy's file for now?","Hi Cristina,

Usually when I haven't heard back, it means one of two things:
1. Your caseload and waitlist in in Fort Lauderdale are already at 100% capacity.
2. You're interested, but the timing is bad.

If you'd like me to follow up in a few months when you're looking to open new rooms or hire BCBAs, just reply ""later"".

Otherwise, if you ever want to review our intake framework, it's always live at:
https://abaclinics.clubemkt.digital/crm/api/track/click?lid=lead_0008&touch=4&url=https%3A%2F%2Fabaclinics.clubemkt.digital%2Faba%3Flid%3Dlead_0008%26utm_source%3Dcold_email%26utm_medium%3Demail%26utm_campaign%3Dpilot-2026-09-25-verified%26utm_content%3Dtouch_4

Thanks for all you do for the autism community in FL.

Best,
Hudson","https://abaclinics.clubemkt.digital/crm/api/track/click?lid=lead_0008&touch=4&url=https%3A%2F%2Fabaclinics.clubemkt.digital%2Faba%3Flid%3Dlead_0008%26utm_source%3Dcold_email%26utm_medium%3Demail%26utm_campaign%3Dpilot-2026-09-25-verified%26utm_content%3Dtouch_4"
"karelix@lotusbehavior.com","Karelix","Alicea","Lotus Behavioral Interventions","Miami","FL","3","lead_0009","pilot-2026-09-25-verified","https://lotusbehavior.com","https://www.linkedin.com/in/karelix-alicea-lotus","Quick question about Lotus Behavioral Interventions's caseload in FL","Hi Karelix,

I was looking at independent ABA practices in Miami and came across Lotus Behavioral Interventions.

Most clinic owners with 1–3 locations we talk to in FL tell us their primary bottleneck isn't clinical expertise—it's getting a predictable flow of commercial-insurance and private-pay inquiries without selling out to PE roll-ups or burning margin on generic agencies.

We built an intake & patient growth system specifically for independent practices. You can see how the intake flow and caseload matching work here:

https://abaclinics.clubemkt.digital/crm/api/track/click?lid=lead_0009&touch=1&url=https%3A%2F%2Fabaclinics.clubemkt.digital%2Faba%3Flid%3Dlead_0009%26utm_source%3Dcold_email%26utm_medium%3Demail%26utm_campaign%3Dpilot-2026-09-25-verified%26utm_content%3Dtouch_1

Do you have 15 minutes this Thursday or Friday to see if this fits your current openings?

Best,
Hudson Argollo
ABA Practice Growth · Gold Traffic","https://abaclinics.clubemkt.digital/crm/api/track/click?lid=lead_0009&touch=1&url=https%3A%2F%2Fabaclinics.clubemkt.digital%2Faba%3Flid%3Dlead_0009%26utm_source%3Dcold_email%26utm_medium%3Demail%26utm_campaign%3Dpilot-2026-09-25-verified%26utm_content%3Dtouch_1","Re: Lotus Behavioral Interventions's openings in FL","Hi Karelix,

Quick follow-up on my note from earlier this week.

When clinics expand or onboard new BCBAs/RBTs, the hardest part is usually timing: converting waitlisted families the exact week a slot opens rather than watching them drop off to competitor waitlists.

We put together a 20-minute discovery breakdown for independent practices:
https://abaclinics.clubemkt.digital/crm/api/track/click?lid=lead_0009&touch=2&url=https%3A%2F%2Fabaclinics.clubemkt.digital%2Faba%3Flid%3Dlead_0009%26utm_source%3Dcold_email%26utm_medium%3Demail%26utm_campaign%3Dpilot-2026-09-25-verified%26utm_content%3Dtouch_2

Would love to share what's working for clinics in FL if you're open to comparing notes.

Best,
Hudson","https://abaclinics.clubemkt.digital/crm/api/track/click?lid=lead_0009&touch=2&url=https%3A%2F%2Fabaclinics.clubemkt.digital%2Faba%3Flid%3Dlead_0009%26utm_source%3Dcold_email%26utm_medium%3Demail%26utm_campaign%3Dpilot-2026-09-25-verified%26utm_content%3Dtouch_2","Filling Lotus Behavioral Interventions's caseload (FL)","Hi Karelix,

I know you're busy running Lotus Behavioral Interventions and managing clinical plans.

If patient intake or waitlist conversion isn't a priority right now, no worries at all. If you ever want to check our 2-minute fit assessment or see if our model works for your current capacity, you can bookmark this link:

https://abaclinics.clubemkt.digital/crm/api/track/click?lid=lead_0009&touch=3&url=https%3A%2F%2Fabaclinics.clubemkt.digital%2Faba%3Flid%3Dlead_0009%26utm_source%3Dcold_email%26utm_medium%3Demail%26utm_campaign%3Dpilot-2026-09-25-verified%26utm_content%3Dtouch_3

Wishing you and your clinical team continued success in Miami!

Best,
Hudson","https://abaclinics.clubemkt.digital/crm/api/track/click?lid=lead_0009&touch=3&url=https%3A%2F%2Fabaclinics.clubemkt.digital%2Faba%3Flid%3Dlead_0009%26utm_source%3Dcold_email%26utm_medium%3Demail%26utm_campaign%3Dpilot-2026-09-25-verified%26utm_content%3Dtouch_3","Closing out Lotus Behavioral Interventions's file for now?","Hi Karelix,

Usually when I haven't heard back, it means one of two things:
1. Your caseload and waitlist in in Miami are already at 100% capacity.
2. You're interested, but the timing is bad.

If you'd like me to follow up in a few months when you're looking to open new rooms or hire BCBAs, just reply ""later"".

Otherwise, if you ever want to review our intake framework, it's always live at:
https://abaclinics.clubemkt.digital/crm/api/track/click?lid=lead_0009&touch=4&url=https%3A%2F%2Fabaclinics.clubemkt.digital%2Faba%3Flid%3Dlead_0009%26utm_source%3Dcold_email%26utm_medium%3Demail%26utm_campaign%3Dpilot-2026-09-25-verified%26utm_content%3Dtouch_4

Thanks for all you do for the autism community in FL.

Best,
Hudson","https://abaclinics.clubemkt.digital/crm/api/track/click?lid=lead_0009&touch=4&url=https%3A%2F%2Fabaclinics.clubemkt.digital%2Faba%3Flid%3Dlead_0009%26utm_source%3Dcold_email%26utm_medium%3Demail%26utm_campaign%3Dpilot-2026-09-25-verified%26utm_content%3Dtouch_4"
"liz@leapwithabatherapy.com","Liz","Laurent Espinosa","LEAP with ABA Therapy","North Fort Myers","FL","1","lead_0010","pilot-2026-09-25-verified","https://www.leapwithabatherapy.com","https://www.linkedin.com/in/liz-laurent-espinosa","Quick question about LEAP with ABA Therapy's caseload in FL","Hi Liz,

I was looking at independent ABA practices in North Fort Myers and came across LEAP with ABA Therapy.

Most clinic owners with 1–3 locations we talk to in FL tell us their primary bottleneck isn't clinical expertise—it's getting a predictable flow of commercial-insurance and private-pay inquiries without selling out to PE roll-ups or burning margin on generic agencies.

We built an intake & patient growth system specifically for independent practices. You can see how the intake flow and caseload matching work here:

https://abaclinics.clubemkt.digital/crm/api/track/click?lid=lead_0010&touch=1&url=https%3A%2F%2Fabaclinics.clubemkt.digital%2Faba%3Flid%3Dlead_0010%26utm_source%3Dcold_email%26utm_medium%3Demail%26utm_campaign%3Dpilot-2026-09-25-verified%26utm_content%3Dtouch_1

Do you have 15 minutes this Thursday or Friday to see if this fits your current openings?

Best,
Hudson Argollo
ABA Practice Growth · Gold Traffic","https://abaclinics.clubemkt.digital/crm/api/track/click?lid=lead_0010&touch=1&url=https%3A%2F%2Fabaclinics.clubemkt.digital%2Faba%3Flid%3Dlead_0010%26utm_source%3Dcold_email%26utm_medium%3Demail%26utm_campaign%3Dpilot-2026-09-25-verified%26utm_content%3Dtouch_1","Re: LEAP with ABA Therapy's openings in FL","Hi Liz,

Quick follow-up on my note from earlier this week.

When clinics expand or onboard new BCBAs/RBTs, the hardest part is usually timing: converting waitlisted families the exact week a slot opens rather than watching them drop off to competitor waitlists.

We put together a 20-minute discovery breakdown for independent practices:
https://abaclinics.clubemkt.digital/crm/api/track/click?lid=lead_0010&touch=2&url=https%3A%2F%2Fabaclinics.clubemkt.digital%2Faba%3Flid%3Dlead_0010%26utm_source%3Dcold_email%26utm_medium%3Demail%26utm_campaign%3Dpilot-2026-09-25-verified%26utm_content%3Dtouch_2

Would love to share what's working for clinics in FL if you're open to comparing notes.

Best,
Hudson","https://abaclinics.clubemkt.digital/crm/api/track/click?lid=lead_0010&touch=2&url=https%3A%2F%2Fabaclinics.clubemkt.digital%2Faba%3Flid%3Dlead_0010%26utm_source%3Dcold_email%26utm_medium%3Demail%26utm_campaign%3Dpilot-2026-09-25-verified%26utm_content%3Dtouch_2","Filling LEAP with ABA Therapy's caseload (FL)","Hi Liz,

I know you're busy running LEAP with ABA Therapy and managing clinical plans.

If patient intake or waitlist conversion isn't a priority right now, no worries at all. If you ever want to check our 2-minute fit assessment or see if our model works for your current capacity, you can bookmark this link:

https://abaclinics.clubemkt.digital/crm/api/track/click?lid=lead_0010&touch=3&url=https%3A%2F%2Fabaclinics.clubemkt.digital%2Faba%3Flid%3Dlead_0010%26utm_source%3Dcold_email%26utm_medium%3Demail%26utm_campaign%3Dpilot-2026-09-25-verified%26utm_content%3Dtouch_3

Wishing you and your clinical team continued success in North Fort Myers!

Best,
Hudson","https://abaclinics.clubemkt.digital/crm/api/track/click?lid=lead_0010&touch=3&url=https%3A%2F%2Fabaclinics.clubemkt.digital%2Faba%3Flid%3Dlead_0010%26utm_source%3Dcold_email%26utm_medium%3Demail%26utm_campaign%3Dpilot-2026-09-25-verified%26utm_content%3Dtouch_3","Closing out LEAP with ABA Therapy's file for now?","Hi Liz,

Usually when I haven't heard back, it means one of two things:
1. Your caseload and waitlist in in North Fort Myers are already at 100% capacity.
2. You're interested, but the timing is bad.

If you'd like me to follow up in a few months when you're looking to open new rooms or hire BCBAs, just reply ""later"".

Otherwise, if you ever want to review our intake framework, it's always live at:
https://abaclinics.clubemkt.digital/crm/api/track/click?lid=lead_0010&touch=4&url=https%3A%2F%2Fabaclinics.clubemkt.digital%2Faba%3Flid%3Dlead_0010%26utm_source%3Dcold_email%26utm_medium%3Demail%26utm_campaign%3Dpilot-2026-09-25-verified%26utm_content%3Dtouch_4

Thanks for all you do for the autism community in FL.

Best,
Hudson","https://abaclinics.clubemkt.digital/crm/api/track/click?lid=lead_0010&touch=4&url=https%3A%2F%2Fabaclinics.clubemkt.digital%2Faba%3Flid%3Dlead_0010%26utm_source%3Dcold_email%26utm_medium%3Demail%26utm_campaign%3Dpilot-2026-09-25-verified%26utm_content%3Dtouch_4"
"gretel@neurodverse.com","Gretel","Debasa Marimon","NeuroDverse Behavioral Health","Doral","FL","1","lead_0011","pilot-2026-09-25-verified","https://www.neurodverse.com","https://www.linkedin.com/in/gretel-debasa-marimon","Quick question about NeuroDverse Behavioral Health's caseload in FL","Hi Gretel,

I was looking at independent ABA practices in Doral and came across NeuroDverse Behavioral Health.

Most clinic owners with 1–3 locations we talk to in FL tell us their primary bottleneck isn't clinical expertise—it's getting a predictable flow of commercial-insurance and private-pay inquiries without selling out to PE roll-ups or burning margin on generic agencies.

We built an intake & patient growth system specifically for independent practices. You can see how the intake flow and caseload matching work here:

https://abaclinics.clubemkt.digital/crm/api/track/click?lid=lead_0011&touch=1&url=https%3A%2F%2Fabaclinics.clubemkt.digital%2Faba%3Flid%3Dlead_0011%26utm_source%3Dcold_email%26utm_medium%3Demail%26utm_campaign%3Dpilot-2026-09-25-verified%26utm_content%3Dtouch_1

Do you have 15 minutes this Thursday or Friday to see if this fits your current openings?

Best,
Hudson Argollo
ABA Practice Growth · Gold Traffic","https://abaclinics.clubemkt.digital/crm/api/track/click?lid=lead_0011&touch=1&url=https%3A%2F%2Fabaclinics.clubemkt.digital%2Faba%3Flid%3Dlead_0011%26utm_source%3Dcold_email%26utm_medium%3Demail%26utm_campaign%3Dpilot-2026-09-25-verified%26utm_content%3Dtouch_1","Re: NeuroDverse Behavioral Health's openings in FL","Hi Gretel,

Quick follow-up on my note from earlier this week.

When clinics expand or onboard new BCBAs/RBTs, the hardest part is usually timing: converting waitlisted families the exact week a slot opens rather than watching them drop off to competitor waitlists.

We put together a 20-minute discovery breakdown for independent practices:
https://abaclinics.clubemkt.digital/crm/api/track/click?lid=lead_0011&touch=2&url=https%3A%2F%2Fabaclinics.clubemkt.digital%2Faba%3Flid%3Dlead_0011%26utm_source%3Dcold_email%26utm_medium%3Demail%26utm_campaign%3Dpilot-2026-09-25-verified%26utm_content%3Dtouch_2

Would love to share what's working for clinics in FL if you're open to comparing notes.

Best,
Hudson","https://abaclinics.clubemkt.digital/crm/api/track/click?lid=lead_0011&touch=2&url=https%3A%2F%2Fabaclinics.clubemkt.digital%2Faba%3Flid%3Dlead_0011%26utm_source%3Dcold_email%26utm_medium%3Demail%26utm_campaign%3Dpilot-2026-09-25-verified%26utm_content%3Dtouch_2","Filling NeuroDverse Behavioral Health's caseload (FL)","Hi Gretel,

I know you're busy running NeuroDverse Behavioral Health and managing clinical plans.

If patient intake or waitlist conversion isn't a priority right now, no worries at all. If you ever want to check our 2-minute fit assessment or see if our model works for your current capacity, you can bookmark this link:

https://abaclinics.clubemkt.digital/crm/api/track/click?lid=lead_0011&touch=3&url=https%3A%2F%2Fabaclinics.clubemkt.digital%2Faba%3Flid%3Dlead_0011%26utm_source%3Dcold_email%26utm_medium%3Demail%26utm_campaign%3Dpilot-2026-09-25-verified%26utm_content%3Dtouch_3

Wishing you and your clinical team continued success in Doral!

Best,
Hudson","https://abaclinics.clubemkt.digital/crm/api/track/click?lid=lead_0011&touch=3&url=https%3A%2F%2Fabaclinics.clubemkt.digital%2Faba%3Flid%3Dlead_0011%26utm_source%3Dcold_email%26utm_medium%3Demail%26utm_campaign%3Dpilot-2026-09-25-verified%26utm_content%3Dtouch_3","Closing out NeuroDverse Behavioral Health's file for now?","Hi Gretel,

Usually when I haven't heard back, it means one of two things:
1. Your caseload and waitlist in in Doral are already at 100% capacity.
2. You're interested, but the timing is bad.

If you'd like me to follow up in a few months when you're looking to open new rooms or hire BCBAs, just reply ""later"".

Otherwise, if you ever want to review our intake framework, it's always live at:
https://abaclinics.clubemkt.digital/crm/api/track/click?lid=lead_0011&touch=4&url=https%3A%2F%2Fabaclinics.clubemkt.digital%2Faba%3Flid%3Dlead_0011%26utm_source%3Dcold_email%26utm_medium%3Demail%26utm_campaign%3Dpilot-2026-09-25-verified%26utm_content%3Dtouch_4

Thanks for all you do for the autism community in FL.

Best,
Hudson","https://abaclinics.clubemkt.digital/crm/api/track/click?lid=lead_0011&touch=4&url=https%3A%2F%2Fabaclinics.clubemkt.digital%2Faba%3Flid%3Dlead_0011%26utm_source%3Dcold_email%26utm_medium%3Demail%26utm_campaign%3Dpilot-2026-09-25-verified%26utm_content%3Dtouch_4"
"lucia@selflc.com","Lucia","Barbeyto","Self Learning Center","Miami","FL","1","lead_0012","pilot-2026-09-25-verified","https://www.selflc.com","https://www.linkedin.com/in/lucia-barbeyto","Quick question about Self Learning Center's caseload in FL","Hi Lucia,

I was looking at independent ABA practices in Miami and came across Self Learning Center.

Most clinic owners with 1–3 locations we talk to in FL tell us their primary bottleneck isn't clinical expertise—it's getting a predictable flow of commercial-insurance and private-pay inquiries without selling out to PE roll-ups or burning margin on generic agencies.

We built an intake & patient growth system specifically for independent practices. You can see how the intake flow and caseload matching work here:

https://abaclinics.clubemkt.digital/crm/api/track/click?lid=lead_0012&touch=1&url=https%3A%2F%2Fabaclinics.clubemkt.digital%2Faba%3Flid%3Dlead_0012%26utm_source%3Dcold_email%26utm_medium%3Demail%26utm_campaign%3Dpilot-2026-09-25-verified%26utm_content%3Dtouch_1

Do you have 15 minutes this Thursday or Friday to see if this fits your current openings?

Best,
Hudson Argollo
ABA Practice Growth · Gold Traffic","https://abaclinics.clubemkt.digital/crm/api/track/click?lid=lead_0012&touch=1&url=https%3A%2F%2Fabaclinics.clubemkt.digital%2Faba%3Flid%3Dlead_0012%26utm_source%3Dcold_email%26utm_medium%3Demail%26utm_campaign%3Dpilot-2026-09-25-verified%26utm_content%3Dtouch_1","Re: Self Learning Center's openings in FL","Hi Lucia,

Quick follow-up on my note from earlier this week.

When clinics expand or onboard new BCBAs/RBTs, the hardest part is usually timing: converting waitlisted families the exact week a slot opens rather than watching them drop off to competitor waitlists.

We put together a 20-minute discovery breakdown for independent practices:
https://abaclinics.clubemkt.digital/crm/api/track/click?lid=lead_0012&touch=2&url=https%3A%2F%2Fabaclinics.clubemkt.digital%2Faba%3Flid%3Dlead_0012%26utm_source%3Dcold_email%26utm_medium%3Demail%26utm_campaign%3Dpilot-2026-09-25-verified%26utm_content%3Dtouch_2

Would love to share what's working for clinics in FL if you're open to comparing notes.

Best,
Hudson","https://abaclinics.clubemkt.digital/crm/api/track/click?lid=lead_0012&touch=2&url=https%3A%2F%2Fabaclinics.clubemkt.digital%2Faba%3Flid%3Dlead_0012%26utm_source%3Dcold_email%26utm_medium%3Demail%26utm_campaign%3Dpilot-2026-09-25-verified%26utm_content%3Dtouch_2","Filling Self Learning Center's caseload (FL)","Hi Lucia,

I know you're busy running Self Learning Center and managing clinical plans.

If patient intake or waitlist conversion isn't a priority right now, no worries at all. If you ever want to check our 2-minute fit assessment or see if our model works for your current capacity, you can bookmark this link:

https://abaclinics.clubemkt.digital/crm/api/track/click?lid=lead_0012&touch=3&url=https%3A%2F%2Fabaclinics.clubemkt.digital%2Faba%3Flid%3Dlead_0012%26utm_source%3Dcold_email%26utm_medium%3Demail%26utm_campaign%3Dpilot-2026-09-25-verified%26utm_content%3Dtouch_3

Wishing you and your clinical team continued success in Miami!

Best,
Hudson","https://abaclinics.clubemkt.digital/crm/api/track/click?lid=lead_0012&touch=3&url=https%3A%2F%2Fabaclinics.clubemkt.digital%2Faba%3Flid%3Dlead_0012%26utm_source%3Dcold_email%26utm_medium%3Demail%26utm_campaign%3Dpilot-2026-09-25-verified%26utm_content%3Dtouch_3","Closing out Self Learning Center's file for now?","Hi Lucia,

Usually when I haven't heard back, it means one of two things:
1. Your caseload and waitlist in in Miami are already at 100% capacity.
2. You're interested, but the timing is bad.

If you'd like me to follow up in a few months when you're looking to open new rooms or hire BCBAs, just reply ""later"".

Otherwise, if you ever want to review our intake framework, it's always live at:
https://abaclinics.clubemkt.digital/crm/api/track/click?lid=lead_0012&touch=4&url=https%3A%2F%2Fabaclinics.clubemkt.digital%2Faba%3Flid%3Dlead_0012%26utm_source%3Dcold_email%26utm_medium%3Demail%26utm_campaign%3Dpilot-2026-09-25-verified%26utm_content%3Dtouch_4

Thanks for all you do for the autism community in FL.

Best,
Hudson","https://abaclinics.clubemkt.digital/crm/api/track/click?lid=lead_0012&touch=4&url=https%3A%2F%2Fabaclinics.clubemkt.digital%2Faba%3Flid%3Dlead_0012%26utm_source%3Dcold_email%26utm_medium%3Demail%26utm_campaign%3Dpilot-2026-09-25-verified%26utm_content%3Dtouch_4"
"lisa@abatherapyassociates.com","Lisa","Abdalla","ABA Therapy Associates","Pinellas Park","FL","2","lead_0013","pilot-2026-09-25-verified","https://www.abatherapyassociates.com","https://www.linkedin.com/in/lisa-abdalla-aba","Quick question about ABA Therapy Associates's caseload in FL","Hi Lisa,

I was looking at independent ABA practices in Pinellas Park and came across ABA Therapy Associates.

Most clinic owners with 1–3 locations we talk to in FL tell us their primary bottleneck isn't clinical expertise—it's getting a predictable flow of commercial-insurance and private-pay inquiries without selling out to PE roll-ups or burning margin on generic agencies.

We built an intake & patient growth system specifically for independent practices. You can see how the intake flow and caseload matching work here:

https://abaclinics.clubemkt.digital/crm/api/track/click?lid=lead_0013&touch=1&url=https%3A%2F%2Fabaclinics.clubemkt.digital%2Faba%3Flid%3Dlead_0013%26utm_source%3Dcold_email%26utm_medium%3Demail%26utm_campaign%3Dpilot-2026-09-25-verified%26utm_content%3Dtouch_1

Do you have 15 minutes this Thursday or Friday to see if this fits your current openings?

Best,
Hudson Argollo
ABA Practice Growth · Gold Traffic","https://abaclinics.clubemkt.digital/crm/api/track/click?lid=lead_0013&touch=1&url=https%3A%2F%2Fabaclinics.clubemkt.digital%2Faba%3Flid%3Dlead_0013%26utm_source%3Dcold_email%26utm_medium%3Demail%26utm_campaign%3Dpilot-2026-09-25-verified%26utm_content%3Dtouch_1","Re: ABA Therapy Associates's openings in FL","Hi Lisa,

Quick follow-up on my note from earlier this week.

When clinics expand or onboard new BCBAs/RBTs, the hardest part is usually timing: converting waitlisted families the exact week a slot opens rather than watching them drop off to competitor waitlists.

We put together a 20-minute discovery breakdown for independent practices:
https://abaclinics.clubemkt.digital/crm/api/track/click?lid=lead_0013&touch=2&url=https%3A%2F%2Fabaclinics.clubemkt.digital%2Faba%3Flid%3Dlead_0013%26utm_source%3Dcold_email%26utm_medium%3Demail%26utm_campaign%3Dpilot-2026-09-25-verified%26utm_content%3Dtouch_2

Would love to share what's working for clinics in FL if you're open to comparing notes.

Best,
Hudson","https://abaclinics.clubemkt.digital/crm/api/track/click?lid=lead_0013&touch=2&url=https%3A%2F%2Fabaclinics.clubemkt.digital%2Faba%3Flid%3Dlead_0013%26utm_source%3Dcold_email%26utm_medium%3Demail%26utm_campaign%3Dpilot-2026-09-25-verified%26utm_content%3Dtouch_2","Filling ABA Therapy Associates's caseload (FL)","Hi Lisa,

I know you're busy running ABA Therapy Associates and managing clinical plans.

If patient intake or waitlist conversion isn't a priority right now, no worries at all. If you ever want to check our 2-minute fit assessment or see if our model works for your current capacity, you can bookmark this link:

https://abaclinics.clubemkt.digital/crm/api/track/click?lid=lead_0013&touch=3&url=https%3A%2F%2Fabaclinics.clubemkt.digital%2Faba%3Flid%3Dlead_0013%26utm_source%3Dcold_email%26utm_medium%3Demail%26utm_campaign%3Dpilot-2026-09-25-verified%26utm_content%3Dtouch_3

Wishing you and your clinical team continued success in Pinellas Park!

Best,
Hudson","https://abaclinics.clubemkt.digital/crm/api/track/click?lid=lead_0013&touch=3&url=https%3A%2F%2Fabaclinics.clubemkt.digital%2Faba%3Flid%3Dlead_0013%26utm_source%3Dcold_email%26utm_medium%3Demail%26utm_campaign%3Dpilot-2026-09-25-verified%26utm_content%3Dtouch_3","Closing out ABA Therapy Associates's file for now?","Hi Lisa,

Usually when I haven't heard back, it means one of two things:
1. Your caseload and waitlist in in Pinellas Park are already at 100% capacity.
2. You're interested, but the timing is bad.

If you'd like me to follow up in a few months when you're looking to open new rooms or hire BCBAs, just reply ""later"".

Otherwise, if you ever want to review our intake framework, it's always live at:
https://abaclinics.clubemkt.digital/crm/api/track/click?lid=lead_0013&touch=4&url=https%3A%2F%2Fabaclinics.clubemkt.digital%2Faba%3Flid%3Dlead_0013%26utm_source%3Dcold_email%26utm_medium%3Demail%26utm_campaign%3Dpilot-2026-09-25-verified%26utm_content%3Dtouch_4

Thanks for all you do for the autism community in FL.

Best,
Hudson","https://abaclinics.clubemkt.digital/crm/api/track/click?lid=lead_0013&touch=4&url=https%3A%2F%2Fabaclinics.clubemkt.digital%2Faba%3Flid%3Dlead_0013%26utm_source%3Dcold_email%26utm_medium%3Demail%26utm_campaign%3Dpilot-2026-09-25-verified%26utm_content%3Dtouch_4"
"jesse@abaautismspecialists.com","Jesse","O'Neil","ABA Autism Specialists","San Diego","CA","1","lead_0014","pilot-2026-09-25-verified","https://abaautismspecialists.com","https://www.linkedin.com/in/jesse-o-neil-bcba","Quick question about ABA Autism Specialists's caseload in CA","Hi Jesse,

I was looking at independent ABA practices in San Diego and came across ABA Autism Specialists.

Most clinic owners with 1–3 locations we talk to in CA tell us their primary bottleneck isn't clinical expertise—it's getting a predictable flow of commercial-insurance and private-pay inquiries without selling out to PE roll-ups or burning margin on generic agencies.

We built an intake & patient growth system specifically for independent practices. You can see how the intake flow and caseload matching work here:

https://abaclinics.clubemkt.digital/crm/api/track/click?lid=lead_0014&touch=1&url=https%3A%2F%2Fabaclinics.clubemkt.digital%2Faba%3Flid%3Dlead_0014%26utm_source%3Dcold_email%26utm_medium%3Demail%26utm_campaign%3Dpilot-2026-09-25-verified%26utm_content%3Dtouch_1

Do you have 15 minutes this Thursday or Friday to see if this fits your current openings?

Best,
Hudson Argollo
ABA Practice Growth · Gold Traffic","https://abaclinics.clubemkt.digital/crm/api/track/click?lid=lead_0014&touch=1&url=https%3A%2F%2Fabaclinics.clubemkt.digital%2Faba%3Flid%3Dlead_0014%26utm_source%3Dcold_email%26utm_medium%3Demail%26utm_campaign%3Dpilot-2026-09-25-verified%26utm_content%3Dtouch_1","Re: ABA Autism Specialists's openings in CA","Hi Jesse,

Quick follow-up on my note from earlier this week.

When clinics expand or onboard new BCBAs/RBTs, the hardest part is usually timing: converting waitlisted families the exact week a slot opens rather than watching them drop off to competitor waitlists.

We put together a 20-minute discovery breakdown for independent practices:
https://abaclinics.clubemkt.digital/crm/api/track/click?lid=lead_0014&touch=2&url=https%3A%2F%2Fabaclinics.clubemkt.digital%2Faba%3Flid%3Dlead_0014%26utm_source%3Dcold_email%26utm_medium%3Demail%26utm_campaign%3Dpilot-2026-09-25-verified%26utm_content%3Dtouch_2

Would love to share what's working for clinics in CA if you're open to comparing notes.

Best,
Hudson","https://abaclinics.clubemkt.digital/crm/api/track/click?lid=lead_0014&touch=2&url=https%3A%2F%2Fabaclinics.clubemkt.digital%2Faba%3Flid%3Dlead_0014%26utm_source%3Dcold_email%26utm_medium%3Demail%26utm_campaign%3Dpilot-2026-09-25-verified%26utm_content%3Dtouch_2","Filling ABA Autism Specialists's caseload (CA)","Hi Jesse,

I know you're busy running ABA Autism Specialists and managing clinical plans.

If patient intake or waitlist conversion isn't a priority right now, no worries at all. If you ever want to check our 2-minute fit assessment or see if our model works for your current capacity, you can bookmark this link:

https://abaclinics.clubemkt.digital/crm/api/track/click?lid=lead_0014&touch=3&url=https%3A%2F%2Fabaclinics.clubemkt.digital%2Faba%3Flid%3Dlead_0014%26utm_source%3Dcold_email%26utm_medium%3Demail%26utm_campaign%3Dpilot-2026-09-25-verified%26utm_content%3Dtouch_3

Wishing you and your clinical team continued success in San Diego!

Best,
Hudson","https://abaclinics.clubemkt.digital/crm/api/track/click?lid=lead_0014&touch=3&url=https%3A%2F%2Fabaclinics.clubemkt.digital%2Faba%3Flid%3Dlead_0014%26utm_source%3Dcold_email%26utm_medium%3Demail%26utm_campaign%3Dpilot-2026-09-25-verified%26utm_content%3Dtouch_3","Closing out ABA Autism Specialists's file for now?","Hi Jesse,

Usually when I haven't heard back, it means one of two things:
1. Your caseload and waitlist in in San Diego are already at 100% capacity.
2. You're interested, but the timing is bad.

If you'd like me to follow up in a few months when you're looking to open new rooms or hire BCBAs, just reply ""later"".

Otherwise, if you ever want to review our intake framework, it's always live at:
https://abaclinics.clubemkt.digital/crm/api/track/click?lid=lead_0014&touch=4&url=https%3A%2F%2Fabaclinics.clubemkt.digital%2Faba%3Flid%3Dlead_0014%26utm_source%3Dcold_email%26utm_medium%3Demail%26utm_campaign%3Dpilot-2026-09-25-verified%26utm_content%3Dtouch_4

Thanks for all you do for the autism community in CA.

Best,
Hudson","https://abaclinics.clubemkt.digital/crm/api/track/click?lid=lead_0014&touch=4&url=https%3A%2F%2Fabaclinics.clubemkt.digital%2Faba%3Flid%3Dlead_0014%26utm_source%3Dcold_email%26utm_medium%3Demail%26utm_campaign%3Dpilot-2026-09-25-verified%26utm_content%3Dtouch_4"
"hamna@advbehavioral.com","Hamna","Tayyab","Advanced Behavioral Specialists","Riverside","CA","2","lead_0015","pilot-2026-09-25-verified","https://www.advbehavioral.com","https://www.linkedin.com/in/hamna-tayyab-bcba","Quick question about Advanced Behavioral Specialists's caseload in CA","Hi Hamna,

I was looking at independent ABA practices in Riverside and came across Advanced Behavioral Specialists.

Most clinic owners with 1–3 locations we talk to in CA tell us their primary bottleneck isn't clinical expertise—it's getting a predictable flow of commercial-insurance and private-pay inquiries without selling out to PE roll-ups or burning margin on generic agencies.

We built an intake & patient growth system specifically for independent practices. You can see how the intake flow and caseload matching work here:

https://abaclinics.clubemkt.digital/crm/api/track/click?lid=lead_0015&touch=1&url=https%3A%2F%2Fabaclinics.clubemkt.digital%2Faba%3Flid%3Dlead_0015%26utm_source%3Dcold_email%26utm_medium%3Demail%26utm_campaign%3Dpilot-2026-09-25-verified%26utm_content%3Dtouch_1

Do you have 15 minutes this Thursday or Friday to see if this fits your current openings?

Best,
Hudson Argollo
ABA Practice Growth · Gold Traffic","https://abaclinics.clubemkt.digital/crm/api/track/click?lid=lead_0015&touch=1&url=https%3A%2F%2Fabaclinics.clubemkt.digital%2Faba%3Flid%3Dlead_0015%26utm_source%3Dcold_email%26utm_medium%3Demail%26utm_campaign%3Dpilot-2026-09-25-verified%26utm_content%3Dtouch_1","Re: Advanced Behavioral Specialists's openings in CA","Hi Hamna,

Quick follow-up on my note from earlier this week.

When clinics expand or onboard new BCBAs/RBTs, the hardest part is usually timing: converting waitlisted families the exact week a slot opens rather than watching them drop off to competitor waitlists.

We put together a 20-minute discovery breakdown for independent practices:
https://abaclinics.clubemkt.digital/crm/api/track/click?lid=lead_0015&touch=2&url=https%3A%2F%2Fabaclinics.clubemkt.digital%2Faba%3Flid%3Dlead_0015%26utm_source%3Dcold_email%26utm_medium%3Demail%26utm_campaign%3Dpilot-2026-09-25-verified%26utm_content%3Dtouch_2

Would love to share what's working for clinics in CA if you're open to comparing notes.

Best,
Hudson","https://abaclinics.clubemkt.digital/crm/api/track/click?lid=lead_0015&touch=2&url=https%3A%2F%2Fabaclinics.clubemkt.digital%2Faba%3Flid%3Dlead_0015%26utm_source%3Dcold_email%26utm_medium%3Demail%26utm_campaign%3Dpilot-2026-09-25-verified%26utm_content%3Dtouch_2","Filling Advanced Behavioral Specialists's caseload (CA)","Hi Hamna,

I know you're busy running Advanced Behavioral Specialists and managing clinical plans.

If patient intake or waitlist conversion isn't a priority right now, no worries at all. If you ever want to check our 2-minute fit assessment or see if our model works for your current capacity, you can bookmark this link:

https://abaclinics.clubemkt.digital/crm/api/track/click?lid=lead_0015&touch=3&url=https%3A%2F%2Fabaclinics.clubemkt.digital%2Faba%3Flid%3Dlead_0015%26utm_source%3Dcold_email%26utm_medium%3Demail%26utm_campaign%3Dpilot-2026-09-25-verified%26utm_content%3Dtouch_3

Wishing you and your clinical team continued success in Riverside!

Best,
Hudson","https://abaclinics.clubemkt.digital/crm/api/track/click?lid=lead_0015&touch=3&url=https%3A%2F%2Fabaclinics.clubemkt.digital%2Faba%3Flid%3Dlead_0015%26utm_source%3Dcold_email%26utm_medium%3Demail%26utm_campaign%3Dpilot-2026-09-25-verified%26utm_content%3Dtouch_3","Closing out Advanced Behavioral Specialists's file for now?","Hi Hamna,

Usually when I haven't heard back, it means one of two things:
1. Your caseload and waitlist in in Riverside are already at 100% capacity.
2. You're interested, but the timing is bad.

If you'd like me to follow up in a few months when you're looking to open new rooms or hire BCBAs, just reply ""later"".

Otherwise, if you ever want to review our intake framework, it's always live at:
https://abaclinics.clubemkt.digital/crm/api/track/click?lid=lead_0015&touch=4&url=https%3A%2F%2Fabaclinics.clubemkt.digital%2Faba%3Flid%3Dlead_0015%26utm_source%3Dcold_email%26utm_medium%3Demail%26utm_campaign%3Dpilot-2026-09-25-verified%26utm_content%3Dtouch_4

Thanks for all you do for the autism community in CA.

Best,
Hudson","https://abaclinics.clubemkt.digital/crm/api/track/click?lid=lead_0015&touch=4&url=https%3A%2F%2Fabaclinics.clubemkt.digital%2Faba%3Flid%3Dlead_0015%26utm_source%3Dcold_email%26utm_medium%3Demail%26utm_campaign%3Dpilot-2026-09-25-verified%26utm_content%3Dtouch_4"
"saba@icanautism.com","Dr.","Saba Torabian","ICAN Autism Clinic","San Jose","CA","2","lead_0016","pilot-2026-09-25-verified","https://icanautism.com","https://www.linkedin.com/in/saba-torabian-phd","Quick question about ICAN Autism Clinic's caseload in CA","Hi Dr.,

I was looking at independent ABA practices in San Jose and came across ICAN Autism Clinic.

Most clinic owners with 1–3 locations we talk to in CA tell us their primary bottleneck isn't clinical expertise—it's getting a predictable flow of commercial-insurance and private-pay inquiries without selling out to PE roll-ups or burning margin on generic agencies.

We built an intake & patient growth system specifically for independent practices. You can see how the intake flow and caseload matching work here:

https://abaclinics.clubemkt.digital/crm/api/track/click?lid=lead_0016&touch=1&url=https%3A%2F%2Fabaclinics.clubemkt.digital%2Faba%3Flid%3Dlead_0016%26utm_source%3Dcold_email%26utm_medium%3Demail%26utm_campaign%3Dpilot-2026-09-25-verified%26utm_content%3Dtouch_1

Do you have 15 minutes this Thursday or Friday to see if this fits your current openings?

Best,
Hudson Argollo
ABA Practice Growth · Gold Traffic","https://abaclinics.clubemkt.digital/crm/api/track/click?lid=lead_0016&touch=1&url=https%3A%2F%2Fabaclinics.clubemkt.digital%2Faba%3Flid%3Dlead_0016%26utm_source%3Dcold_email%26utm_medium%3Demail%26utm_campaign%3Dpilot-2026-09-25-verified%26utm_content%3Dtouch_1","Re: ICAN Autism Clinic's openings in CA","Hi Dr.,

Quick follow-up on my note from earlier this week.

When clinics expand or onboard new BCBAs/RBTs, the hardest part is usually timing: converting waitlisted families the exact week a slot opens rather than watching them drop off to competitor waitlists.

We put together a 20-minute discovery breakdown for independent practices:
https://abaclinics.clubemkt.digital/crm/api/track/click?lid=lead_0016&touch=2&url=https%3A%2F%2Fabaclinics.clubemkt.digital%2Faba%3Flid%3Dlead_0016%26utm_source%3Dcold_email%26utm_medium%3Demail%26utm_campaign%3Dpilot-2026-09-25-verified%26utm_content%3Dtouch_2

Would love to share what's working for clinics in CA if you're open to comparing notes.

Best,
Hudson","https://abaclinics.clubemkt.digital/crm/api/track/click?lid=lead_0016&touch=2&url=https%3A%2F%2Fabaclinics.clubemkt.digital%2Faba%3Flid%3Dlead_0016%26utm_source%3Dcold_email%26utm_medium%3Demail%26utm_campaign%3Dpilot-2026-09-25-verified%26utm_content%3Dtouch_2","Filling ICAN Autism Clinic's caseload (CA)","Hi Dr.,

I know you're busy running ICAN Autism Clinic and managing clinical plans.

If patient intake or waitlist conversion isn't a priority right now, no worries at all. If you ever want to check our 2-minute fit assessment or see if our model works for your current capacity, you can bookmark this link:

https://abaclinics.clubemkt.digital/crm/api/track/click?lid=lead_0016&touch=3&url=https%3A%2F%2Fabaclinics.clubemkt.digital%2Faba%3Flid%3Dlead_0016%26utm_source%3Dcold_email%26utm_medium%3Demail%26utm_campaign%3Dpilot-2026-09-25-verified%26utm_content%3Dtouch_3

Wishing you and your clinical team continued success in San Jose!

Best,
Hudson","https://abaclinics.clubemkt.digital/crm/api/track/click?lid=lead_0016&touch=3&url=https%3A%2F%2Fabaclinics.clubemkt.digital%2Faba%3Flid%3Dlead_0016%26utm_source%3Dcold_email%26utm_medium%3Demail%26utm_campaign%3Dpilot-2026-09-25-verified%26utm_content%3Dtouch_3","Closing out ICAN Autism Clinic's file for now?","Hi Dr.,

Usually when I haven't heard back, it means one of two things:
1. Your caseload and waitlist in in San Jose are already at 100% capacity.
2. You're interested, but the timing is bad.

If you'd like me to follow up in a few months when you're looking to open new rooms or hire BCBAs, just reply ""later"".

Otherwise, if you ever want to review our intake framework, it's always live at:
https://abaclinics.clubemkt.digital/crm/api/track/click?lid=lead_0016&touch=4&url=https%3A%2F%2Fabaclinics.clubemkt.digital%2Faba%3Flid%3Dlead_0016%26utm_source%3Dcold_email%26utm_medium%3Demail%26utm_campaign%3Dpilot-2026-09-25-verified%26utm_content%3Dtouch_4

Thanks for all you do for the autism community in CA.

Best,
Hudson","https://abaclinics.clubemkt.digital/crm/api/track/click?lid=lead_0016&touch=4&url=https%3A%2F%2Fabaclinics.clubemkt.digital%2Faba%3Flid%3Dlead_0016%26utm_source%3Dcold_email%26utm_medium%3Demail%26utm_campaign%3Dpilot-2026-09-25-verified%26utm_content%3Dtouch_4"
"ruth@familiasfirst.com","Ruth","Tello-Di Leva","Familias First ABA","Los Angeles","CA","2","lead_0017","pilot-2026-09-25-verified","https://familiasfirst.com","https://www.linkedin.com/in/ruth-tello-di-leva","Quick question about Familias First ABA's caseload in CA","Hi Ruth,

I was looking at independent ABA practices in Los Angeles and came across Familias First ABA.

Most clinic owners with 1–3 locations we talk to in CA tell us their primary bottleneck isn't clinical expertise—it's getting a predictable flow of commercial-insurance and private-pay inquiries without selling out to PE roll-ups or burning margin on generic agencies.

We built an intake & patient growth system specifically for independent practices. You can see how the intake flow and caseload matching work here:

https://abaclinics.clubemkt.digital/crm/api/track/click?lid=lead_0017&touch=1&url=https%3A%2F%2Fabaclinics.clubemkt.digital%2Faba%3Flid%3Dlead_0017%26utm_source%3Dcold_email%26utm_medium%3Demail%26utm_campaign%3Dpilot-2026-09-25-verified%26utm_content%3Dtouch_1

Do you have 15 minutes this Thursday or Friday to see if this fits your current openings?

Best,
Hudson Argollo
ABA Practice Growth · Gold Traffic","https://abaclinics.clubemkt.digital/crm/api/track/click?lid=lead_0017&touch=1&url=https%3A%2F%2Fabaclinics.clubemkt.digital%2Faba%3Flid%3Dlead_0017%26utm_source%3Dcold_email%26utm_medium%3Demail%26utm_campaign%3Dpilot-2026-09-25-verified%26utm_content%3Dtouch_1","Re: Familias First ABA's openings in CA","Hi Ruth,

Quick follow-up on my note from earlier this week.

When clinics expand or onboard new BCBAs/RBTs, the hardest part is usually timing: converting waitlisted families the exact week a slot opens rather than watching them drop off to competitor waitlists.

We put together a 20-minute discovery breakdown for independent practices:
https://abaclinics.clubemkt.digital/crm/api/track/click?lid=lead_0017&touch=2&url=https%3A%2F%2Fabaclinics.clubemkt.digital%2Faba%3Flid%3Dlead_0017%26utm_source%3Dcold_email%26utm_medium%3Demail%26utm_campaign%3Dpilot-2026-09-25-verified%26utm_content%3Dtouch_2

Would love to share what's working for clinics in CA if you're open to comparing notes.

Best,
Hudson","https://abaclinics.clubemkt.digital/crm/api/track/click?lid=lead_0017&touch=2&url=https%3A%2F%2Fabaclinics.clubemkt.digital%2Faba%3Flid%3Dlead_0017%26utm_source%3Dcold_email%26utm_medium%3Demail%26utm_campaign%3Dpilot-2026-09-25-verified%26utm_content%3Dtouch_2","Filling Familias First ABA's caseload (CA)","Hi Ruth,

I know you're busy running Familias First ABA and managing clinical plans.

If patient intake or waitlist conversion isn't a priority right now, no worries at all. If you ever want to check our 2-minute fit assessment or see if our model works for your current capacity, you can bookmark this link:

https://abaclinics.clubemkt.digital/crm/api/track/click?lid=lead_0017&touch=3&url=https%3A%2F%2Fabaclinics.clubemkt.digital%2Faba%3Flid%3Dlead_0017%26utm_source%3Dcold_email%26utm_medium%3Demail%26utm_campaign%3Dpilot-2026-09-25-verified%26utm_content%3Dtouch_3

Wishing you and your clinical team continued success in Los Angeles!

Best,
Hudson","https://abaclinics.clubemkt.digital/crm/api/track/click?lid=lead_0017&touch=3&url=https%3A%2F%2Fabaclinics.clubemkt.digital%2Faba%3Flid%3Dlead_0017%26utm_source%3Dcold_email%26utm_medium%3Demail%26utm_campaign%3Dpilot-2026-09-25-verified%26utm_content%3Dtouch_3","Closing out Familias First ABA's file for now?","Hi Ruth,

Usually when I haven't heard back, it means one of two things:
1. Your caseload and waitlist in in Los Angeles are already at 100% capacity.
2. You're interested, but the timing is bad.

If you'd like me to follow up in a few months when you're looking to open new rooms or hire BCBAs, just reply ""later"".

Otherwise, if you ever want to review our intake framework, it's always live at:
https://abaclinics.clubemkt.digital/crm/api/track/click?lid=lead_0017&touch=4&url=https%3A%2F%2Fabaclinics.clubemkt.digital%2Faba%3Flid%3Dlead_0017%26utm_source%3Dcold_email%26utm_medium%3Demail%26utm_campaign%3Dpilot-2026-09-25-verified%26utm_content%3Dtouch_4

Thanks for all you do for the autism community in CA.

Best,
Hudson","https://abaclinics.clubemkt.digital/crm/api/track/click?lid=lead_0017&touch=4&url=https%3A%2F%2Fabaclinics.clubemkt.digital%2Faba%3Flid%3Dlead_0017%26utm_source%3Dcold_email%26utm_medium%3Demail%26utm_campaign%3Dpilot-2026-09-25-verified%26utm_content%3Dtouch_4"
"abigail@mebefamily.com","Abigail","Bunt","MeBe Family Behavioral Health","San Diego","CA","3","lead_0018","pilot-2026-09-25-verified","https://mebefamily.com","https://www.linkedin.com/in/abigail-bunt-mebe","Quick question about MeBe Family Behavioral Health's caseload in CA","Hi Abigail,

I was looking at independent ABA practices in San Diego and came across MeBe Family Behavioral Health.

Most clinic owners with 1–3 locations we talk to in CA tell us their primary bottleneck isn't clinical expertise—it's getting a predictable flow of commercial-insurance and private-pay inquiries without selling out to PE roll-ups or burning margin on generic agencies.

We built an intake & patient growth system specifically for independent practices. You can see how the intake flow and caseload matching work here:

https://abaclinics.clubemkt.digital/crm/api/track/click?lid=lead_0018&touch=1&url=https%3A%2F%2Fabaclinics.clubemkt.digital%2Faba%3Flid%3Dlead_0018%26utm_source%3Dcold_email%26utm_medium%3Demail%26utm_campaign%3Dpilot-2026-09-25-verified%26utm_content%3Dtouch_1

Do you have 15 minutes this Thursday or Friday to see if this fits your current openings?

Best,
Hudson Argollo
ABA Practice Growth · Gold Traffic","https://abaclinics.clubemkt.digital/crm/api/track/click?lid=lead_0018&touch=1&url=https%3A%2F%2Fabaclinics.clubemkt.digital%2Faba%3Flid%3Dlead_0018%26utm_source%3Dcold_email%26utm_medium%3Demail%26utm_campaign%3Dpilot-2026-09-25-verified%26utm_content%3Dtouch_1","Re: MeBe Family Behavioral Health's openings in CA","Hi Abigail,

Quick follow-up on my note from earlier this week.

When clinics expand or onboard new BCBAs/RBTs, the hardest part is usually timing: converting waitlisted families the exact week a slot opens rather than watching them drop off to competitor waitlists.

We put together a 20-minute discovery breakdown for independent practices:
https://abaclinics.clubemkt.digital/crm/api/track/click?lid=lead_0018&touch=2&url=https%3A%2F%2Fabaclinics.clubemkt.digital%2Faba%3Flid%3Dlead_0018%26utm_source%3Dcold_email%26utm_medium%3Demail%26utm_campaign%3Dpilot-2026-09-25-verified%26utm_content%3Dtouch_2

Would love to share what's working for clinics in CA if you're open to comparing notes.

Best,
Hudson","https://abaclinics.clubemkt.digital/crm/api/track/click?lid=lead_0018&touch=2&url=https%3A%2F%2Fabaclinics.clubemkt.digital%2Faba%3Flid%3Dlead_0018%26utm_source%3Dcold_email%26utm_medium%3Demail%26utm_campaign%3Dpilot-2026-09-25-verified%26utm_content%3Dtouch_2","Filling MeBe Family Behavioral Health's caseload (CA)","Hi Abigail,

I know you're busy running MeBe Family Behavioral Health and managing clinical plans.

If patient intake or waitlist conversion isn't a priority right now, no worries at all. If you ever want to check our 2-minute fit assessment or see if our model works for your current capacity, you can bookmark this link:

https://abaclinics.clubemkt.digital/crm/api/track/click?lid=lead_0018&touch=3&url=https%3A%2F%2Fabaclinics.clubemkt.digital%2Faba%3Flid%3Dlead_0018%26utm_source%3Dcold_email%26utm_medium%3Demail%26utm_campaign%3Dpilot-2026-09-25-verified%26utm_content%3Dtouch_3

Wishing you and your clinical team continued success in San Diego!

Best,
Hudson","https://abaclinics.clubemkt.digital/crm/api/track/click?lid=lead_0018&touch=3&url=https%3A%2F%2Fabaclinics.clubemkt.digital%2Faba%3Flid%3Dlead_0018%26utm_source%3Dcold_email%26utm_medium%3Demail%26utm_campaign%3Dpilot-2026-09-25-verified%26utm_content%3Dtouch_3","Closing out MeBe Family Behavioral Health's file for now?","Hi Abigail,

Usually when I haven't heard back, it means one of two things:
1. Your caseload and waitlist in in San Diego are already at 100% capacity.
2. You're interested, but the timing is bad.

If you'd like me to follow up in a few months when you're looking to open new rooms or hire BCBAs, just reply ""later"".

Otherwise, if you ever want to review our intake framework, it's always live at:
https://abaclinics.clubemkt.digital/crm/api/track/click?lid=lead_0018&touch=4&url=https%3A%2F%2Fabaclinics.clubemkt.digital%2Faba%3Flid%3Dlead_0018%26utm_source%3Dcold_email%26utm_medium%3Demail%26utm_campaign%3Dpilot-2026-09-25-verified%26utm_content%3Dtouch_4

Thanks for all you do for the autism community in CA.

Best,
Hudson","https://abaclinics.clubemkt.digital/crm/api/track/click?lid=lead_0018&touch=4&url=https%3A%2F%2Fabaclinics.clubemkt.digital%2Faba%3Flid%3Dlead_0018%26utm_source%3Dcold_email%26utm_medium%3Demail%26utm_campaign%3Dpilot-2026-09-25-verified%26utm_content%3Dtouch_4"
"amber@triangleaba.com","Amber","Nelms","Triangle ABA Clinic","Raleigh","NC","2","lead_0019","pilot-2026-09-25-verified","https://www.triangleaba.com","https://www.linkedin.com/in/amber-nelms-bcba","Quick question about Triangle ABA Clinic's caseload in NC","Hi Amber,

I was looking at independent ABA practices in Raleigh and came across Triangle ABA Clinic.

Most clinic owners with 1–3 locations we talk to in NC tell us their primary bottleneck isn't clinical expertise—it's getting a predictable flow of commercial-insurance and private-pay inquiries without selling out to PE roll-ups or burning margin on generic agencies.

We built an intake & patient growth system specifically for independent practices. You can see how the intake flow and caseload matching work here:

https://abaclinics.clubemkt.digital/crm/api/track/click?lid=lead_0019&touch=1&url=https%3A%2F%2Fabaclinics.clubemkt.digital%2Faba%3Flid%3Dlead_0019%26utm_source%3Dcold_email%26utm_medium%3Demail%26utm_campaign%3Dpilot-2026-09-25-verified%26utm_content%3Dtouch_1

Do you have 15 minutes this Thursday or Friday to see if this fits your current openings?

Best,
Hudson Argollo
ABA Practice Growth · Gold Traffic","https://abaclinics.clubemkt.digital/crm/api/track/click?lid=lead_0019&touch=1&url=https%3A%2F%2Fabaclinics.clubemkt.digital%2Faba%3Flid%3Dlead_0019%26utm_source%3Dcold_email%26utm_medium%3Demail%26utm_campaign%3Dpilot-2026-09-25-verified%26utm_content%3Dtouch_1","Re: Triangle ABA Clinic's openings in NC","Hi Amber,

Quick follow-up on my note from earlier this week.

When clinics expand or onboard new BCBAs/RBTs, the hardest part is usually timing: converting waitlisted families the exact week a slot opens rather than watching them drop off to competitor waitlists.

We put together a 20-minute discovery breakdown for independent practices:
https://abaclinics.clubemkt.digital/crm/api/track/click?lid=lead_0019&touch=2&url=https%3A%2F%2Fabaclinics.clubemkt.digital%2Faba%3Flid%3Dlead_0019%26utm_source%3Dcold_email%26utm_medium%3Demail%26utm_campaign%3Dpilot-2026-09-25-verified%26utm_content%3Dtouch_2

Would love to share what's working for clinics in NC if you're open to comparing notes.

Best,
Hudson","https://abaclinics.clubemkt.digital/crm/api/track/click?lid=lead_0019&touch=2&url=https%3A%2F%2Fabaclinics.clubemkt.digital%2Faba%3Flid%3Dlead_0019%26utm_source%3Dcold_email%26utm_medium%3Demail%26utm_campaign%3Dpilot-2026-09-25-verified%26utm_content%3Dtouch_2","Filling Triangle ABA Clinic's caseload (NC)","Hi Amber,

I know you're busy running Triangle ABA Clinic and managing clinical plans.

If patient intake or waitlist conversion isn't a priority right now, no worries at all. If you ever want to check our 2-minute fit assessment or see if our model works for your current capacity, you can bookmark this link:

https://abaclinics.clubemkt.digital/crm/api/track/click?lid=lead_0019&touch=3&url=https%3A%2F%2Fabaclinics.clubemkt.digital%2Faba%3Flid%3Dlead_0019%26utm_source%3Dcold_email%26utm_medium%3Demail%26utm_campaign%3Dpilot-2026-09-25-verified%26utm_content%3Dtouch_3

Wishing you and your clinical team continued success in Raleigh!

Best,
Hudson","https://abaclinics.clubemkt.digital/crm/api/track/click?lid=lead_0019&touch=3&url=https%3A%2F%2Fabaclinics.clubemkt.digital%2Faba%3Flid%3Dlead_0019%26utm_source%3Dcold_email%26utm_medium%3Demail%26utm_campaign%3Dpilot-2026-09-25-verified%26utm_content%3Dtouch_3","Closing out Triangle ABA Clinic's file for now?","Hi Amber,

Usually when I haven't heard back, it means one of two things:
1. Your caseload and waitlist in in Raleigh are already at 100% capacity.
2. You're interested, but the timing is bad.

If you'd like me to follow up in a few months when you're looking to open new rooms or hire BCBAs, just reply ""later"".

Otherwise, if you ever want to review our intake framework, it's always live at:
https://abaclinics.clubemkt.digital/crm/api/track/click?lid=lead_0019&touch=4&url=https%3A%2F%2Fabaclinics.clubemkt.digital%2Faba%3Flid%3Dlead_0019%26utm_source%3Dcold_email%26utm_medium%3Demail%26utm_campaign%3Dpilot-2026-09-25-verified%26utm_content%3Dtouch_4

Thanks for all you do for the autism community in NC.

Best,
Hudson","https://abaclinics.clubemkt.digital/crm/api/track/click?lid=lead_0019&touch=4&url=https%3A%2F%2Fabaclinics.clubemkt.digital%2Faba%3Flid%3Dlead_0019%26utm_source%3Dcold_email%26utm_medium%3Demail%26utm_campaign%3Dpilot-2026-09-25-verified%26utm_content%3Dtouch_4"
"mark@buddingfuturesaba.com","Mark","Hirsch","Budding Futures ABA","Denver","CO","1","lead_0020","pilot-2026-09-25-verified","https://www.buddingfuturesaba.com","https://www.linkedin.com/in/mark-hirsch-aba","Quick question about Budding Futures ABA's caseload in CO","Hi Mark,

I was looking at independent ABA practices in Denver and came across Budding Futures ABA.

Most clinic owners with 1–3 locations we talk to in CO tell us their primary bottleneck isn't clinical expertise—it's getting a predictable flow of commercial-insurance and private-pay inquiries without selling out to PE roll-ups or burning margin on generic agencies.

We built an intake & patient growth system specifically for independent practices. You can see how the intake flow and caseload matching work here:

https://abaclinics.clubemkt.digital/crm/api/track/click?lid=lead_0020&touch=1&url=https%3A%2F%2Fabaclinics.clubemkt.digital%2Faba%3Flid%3Dlead_0020%26utm_source%3Dcold_email%26utm_medium%3Demail%26utm_campaign%3Dpilot-2026-09-25-verified%26utm_content%3Dtouch_1

Do you have 15 minutes this Thursday or Friday to see if this fits your current openings?

Best,
Hudson Argollo
ABA Practice Growth · Gold Traffic","https://abaclinics.clubemkt.digital/crm/api/track/click?lid=lead_0020&touch=1&url=https%3A%2F%2Fabaclinics.clubemkt.digital%2Faba%3Flid%3Dlead_0020%26utm_source%3Dcold_email%26utm_medium%3Demail%26utm_campaign%3Dpilot-2026-09-25-verified%26utm_content%3Dtouch_1","Re: Budding Futures ABA's openings in CO","Hi Mark,

Quick follow-up on my note from earlier this week.

When clinics expand or onboard new BCBAs/RBTs, the hardest part is usually timing: converting waitlisted families the exact week a slot opens rather than watching them drop off to competitor waitlists.

We put together a 20-minute discovery breakdown for independent practices:
https://abaclinics.clubemkt.digital/crm/api/track/click?lid=lead_0020&touch=2&url=https%3A%2F%2Fabaclinics.clubemkt.digital%2Faba%3Flid%3Dlead_0020%26utm_source%3Dcold_email%26utm_medium%3Demail%26utm_campaign%3Dpilot-2026-09-25-verified%26utm_content%3Dtouch_2

Would love to share what's working for clinics in CO if you're open to comparing notes.

Best,
Hudson","https://abaclinics.clubemkt.digital/crm/api/track/click?lid=lead_0020&touch=2&url=https%3A%2F%2Fabaclinics.clubemkt.digital%2Faba%3Flid%3Dlead_0020%26utm_source%3Dcold_email%26utm_medium%3Demail%26utm_campaign%3Dpilot-2026-09-25-verified%26utm_content%3Dtouch_2","Filling Budding Futures ABA's caseload (CO)","Hi Mark,

I know you're busy running Budding Futures ABA and managing clinical plans.

If patient intake or waitlist conversion isn't a priority right now, no worries at all. If you ever want to check our 2-minute fit assessment or see if our model works for your current capacity, you can bookmark this link:

https://abaclinics.clubemkt.digital/crm/api/track/click?lid=lead_0020&touch=3&url=https%3A%2F%2Fabaclinics.clubemkt.digital%2Faba%3Flid%3Dlead_0020%26utm_source%3Dcold_email%26utm_medium%3Demail%26utm_campaign%3Dpilot-2026-09-25-verified%26utm_content%3Dtouch_3

Wishing you and your clinical team continued success in Denver!

Best,
Hudson","https://abaclinics.clubemkt.digital/crm/api/track/click?lid=lead_0020&touch=3&url=https%3A%2F%2Fabaclinics.clubemkt.digital%2Faba%3Flid%3Dlead_0020%26utm_source%3Dcold_email%26utm_medium%3Demail%26utm_campaign%3Dpilot-2026-09-25-verified%26utm_content%3Dtouch_3","Closing out Budding Futures ABA's file for now?","Hi Mark,

Usually when I haven't heard back, it means one of two things:
1. Your caseload and waitlist in in Denver are already at 100% capacity.
2. You're interested, but the timing is bad.

If you'd like me to follow up in a few months when you're looking to open new rooms or hire BCBAs, just reply ""later"".

Otherwise, if you ever want to review our intake framework, it's always live at:
https://abaclinics.clubemkt.digital/crm/api/track/click?lid=lead_0020&touch=4&url=https%3A%2F%2Fabaclinics.clubemkt.digital%2Faba%3Flid%3Dlead_0020%26utm_source%3Dcold_email%26utm_medium%3Demail%26utm_campaign%3Dpilot-2026-09-25-verified%26utm_content%3Dtouch_4

Thanks for all you do for the autism community in CO.

Best,
Hudson","https://abaclinics.clubemkt.digital/crm/api/track/click?lid=lead_0020&touch=4&url=https%3A%2F%2Fabaclinics.clubemkt.digital%2Faba%3Flid%3Dlead_0020%26utm_source%3Dcold_email%26utm_medium%3Demail%26utm_campaign%3Dpilot-2026-09-25-verified%26utm_content%3Dtouch_4"
"jj@behaviorspan.com","Dr.","J.J. Tomash","BehaviorSpan Autism Center","Denver","CO","2","lead_0021","pilot-2026-09-25-verified","https://www.behaviorspan.com","https://www.linkedin.com/in/jj-tomash-bcba","Quick question about BehaviorSpan Autism Center's caseload in CO","Hi Dr.,

I was looking at independent ABA practices in Denver and came across BehaviorSpan Autism Center.

Most clinic owners with 1–3 locations we talk to in CO tell us their primary bottleneck isn't clinical expertise—it's getting a predictable flow of commercial-insurance and private-pay inquiries without selling out to PE roll-ups or burning margin on generic agencies.

We built an intake & patient growth system specifically for independent practices. You can see how the intake flow and caseload matching work here:

https://abaclinics.clubemkt.digital/crm/api/track/click?lid=lead_0021&touch=1&url=https%3A%2F%2Fabaclinics.clubemkt.digital%2Faba%3Flid%3Dlead_0021%26utm_source%3Dcold_email%26utm_medium%3Demail%26utm_campaign%3Dpilot-2026-09-25-verified%26utm_content%3Dtouch_1

Do you have 15 minutes this Thursday or Friday to see if this fits your current openings?

Best,
Hudson Argollo
ABA Practice Growth · Gold Traffic","https://abaclinics.clubemkt.digital/crm/api/track/click?lid=lead_0021&touch=1&url=https%3A%2F%2Fabaclinics.clubemkt.digital%2Faba%3Flid%3Dlead_0021%26utm_source%3Dcold_email%26utm_medium%3Demail%26utm_campaign%3Dpilot-2026-09-25-verified%26utm_content%3Dtouch_1","Re: BehaviorSpan Autism Center's openings in CO","Hi Dr.,

Quick follow-up on my note from earlier this week.

When clinics expand or onboard new BCBAs/RBTs, the hardest part is usually timing: converting waitlisted families the exact week a slot opens rather than watching them drop off to competitor waitlists.

We put together a 20-minute discovery breakdown for independent practices:
https://abaclinics.clubemkt.digital/crm/api/track/click?lid=lead_0021&touch=2&url=https%3A%2F%2Fabaclinics.clubemkt.digital%2Faba%3Flid%3Dlead_0021%26utm_source%3Dcold_email%26utm_medium%3Demail%26utm_campaign%3Dpilot-2026-09-25-verified%26utm_content%3Dtouch_2

Would love to share what's working for clinics in CO if you're open to comparing notes.

Best,
Hudson","https://abaclinics.clubemkt.digital/crm/api/track/click?lid=lead_0021&touch=2&url=https%3A%2F%2Fabaclinics.clubemkt.digital%2Faba%3Flid%3Dlead_0021%26utm_source%3Dcold_email%26utm_medium%3Demail%26utm_campaign%3Dpilot-2026-09-25-verified%26utm_content%3Dtouch_2","Filling BehaviorSpan Autism Center's caseload (CO)","Hi Dr.,

I know you're busy running BehaviorSpan Autism Center and managing clinical plans.

If patient intake or waitlist conversion isn't a priority right now, no worries at all. If you ever want to check our 2-minute fit assessment or see if our model works for your current capacity, you can bookmark this link:

https://abaclinics.clubemkt.digital/crm/api/track/click?lid=lead_0021&touch=3&url=https%3A%2F%2Fabaclinics.clubemkt.digital%2Faba%3Flid%3Dlead_0021%26utm_source%3Dcold_email%26utm_medium%3Demail%26utm_campaign%3Dpilot-2026-09-25-verified%26utm_content%3Dtouch_3

Wishing you and your clinical team continued success in Denver!

Best,
Hudson","https://abaclinics.clubemkt.digital/crm/api/track/click?lid=lead_0021&touch=3&url=https%3A%2F%2Fabaclinics.clubemkt.digital%2Faba%3Flid%3Dlead_0021%26utm_source%3Dcold_email%26utm_medium%3Demail%26utm_campaign%3Dpilot-2026-09-25-verified%26utm_content%3Dtouch_3","Closing out BehaviorSpan Autism Center's file for now?","Hi Dr.,

Usually when I haven't heard back, it means one of two things:
1. Your caseload and waitlist in in Denver are already at 100% capacity.
2. You're interested, but the timing is bad.

If you'd like me to follow up in a few months when you're looking to open new rooms or hire BCBAs, just reply ""later"".

Otherwise, if you ever want to review our intake framework, it's always live at:
https://abaclinics.clubemkt.digital/crm/api/track/click?lid=lead_0021&touch=4&url=https%3A%2F%2Fabaclinics.clubemkt.digital%2Faba%3Flid%3Dlead_0021%26utm_source%3Dcold_email%26utm_medium%3Demail%26utm_campaign%3Dpilot-2026-09-25-verified%26utm_content%3Dtouch_4

Thanks for all you do for the autism community in CO.

Best,
Hudson","https://abaclinics.clubemkt.digital/crm/api/track/click?lid=lead_0021&touch=4&url=https%3A%2F%2Fabaclinics.clubemkt.digital%2Faba%3Flid%3Dlead_0021%26utm_source%3Dcold_email%26utm_medium%3Demail%26utm_campaign%3Dpilot-2026-09-25-verified%26utm_content%3Dtouch_4"
"larisa@contextaba.com","Larisa","Sheperd","ContextABA Therapy","Denver","CO","1","lead_0022","pilot-2026-09-25-verified","https://contextaba.com","https://www.linkedin.com/in/larisa-sheperd-bcba","Quick question about ContextABA Therapy's caseload in CO","Hi Larisa,

I was looking at independent ABA practices in Denver and came across ContextABA Therapy.

Most clinic owners with 1–3 locations we talk to in CO tell us their primary bottleneck isn't clinical expertise—it's getting a predictable flow of commercial-insurance and private-pay inquiries without selling out to PE roll-ups or burning margin on generic agencies.

We built an intake & patient growth system specifically for independent practices. You can see how the intake flow and caseload matching work here:

https://abaclinics.clubemkt.digital/crm/api/track/click?lid=lead_0022&touch=1&url=https%3A%2F%2Fabaclinics.clubemkt.digital%2Faba%3Flid%3Dlead_0022%26utm_source%3Dcold_email%26utm_medium%3Demail%26utm_campaign%3Dpilot-2026-09-25-verified%26utm_content%3Dtouch_1

Do you have 15 minutes this Thursday or Friday to see if this fits your current openings?

Best,
Hudson Argollo
ABA Practice Growth · Gold Traffic","https://abaclinics.clubemkt.digital/crm/api/track/click?lid=lead_0022&touch=1&url=https%3A%2F%2Fabaclinics.clubemkt.digital%2Faba%3Flid%3Dlead_0022%26utm_source%3Dcold_email%26utm_medium%3Demail%26utm_campaign%3Dpilot-2026-09-25-verified%26utm_content%3Dtouch_1","Re: ContextABA Therapy's openings in CO","Hi Larisa,

Quick follow-up on my note from earlier this week.

When clinics expand or onboard new BCBAs/RBTs, the hardest part is usually timing: converting waitlisted families the exact week a slot opens rather than watching them drop off to competitor waitlists.

We put together a 20-minute discovery breakdown for independent practices:
https://abaclinics.clubemkt.digital/crm/api/track/click?lid=lead_0022&touch=2&url=https%3A%2F%2Fabaclinics.clubemkt.digital%2Faba%3Flid%3Dlead_0022%26utm_source%3Dcold_email%26utm_medium%3Demail%26utm_campaign%3Dpilot-2026-09-25-verified%26utm_content%3Dtouch_2

Would love to share what's working for clinics in CO if you're open to comparing notes.

Best,
Hudson","https://abaclinics.clubemkt.digital/crm/api/track/click?lid=lead_0022&touch=2&url=https%3A%2F%2Fabaclinics.clubemkt.digital%2Faba%3Flid%3Dlead_0022%26utm_source%3Dcold_email%26utm_medium%3Demail%26utm_campaign%3Dpilot-2026-09-25-verified%26utm_content%3Dtouch_2","Filling ContextABA Therapy's caseload (CO)","Hi Larisa,

I know you're busy running ContextABA Therapy and managing clinical plans.

If patient intake or waitlist conversion isn't a priority right now, no worries at all. If you ever want to check our 2-minute fit assessment or see if our model works for your current capacity, you can bookmark this link:

https://abaclinics.clubemkt.digital/crm/api/track/click?lid=lead_0022&touch=3&url=https%3A%2F%2Fabaclinics.clubemkt.digital%2Faba%3Flid%3Dlead_0022%26utm_source%3Dcold_email%26utm_medium%3Demail%26utm_campaign%3Dpilot-2026-09-25-verified%26utm_content%3Dtouch_3

Wishing you and your clinical team continued success in Denver!

Best,
Hudson","https://abaclinics.clubemkt.digital/crm/api/track/click?lid=lead_0022&touch=3&url=https%3A%2F%2Fabaclinics.clubemkt.digital%2Faba%3Flid%3Dlead_0022%26utm_source%3Dcold_email%26utm_medium%3Demail%26utm_campaign%3Dpilot-2026-09-25-verified%26utm_content%3Dtouch_3","Closing out ContextABA Therapy's file for now?","Hi Larisa,

Usually when I haven't heard back, it means one of two things:
1. Your caseload and waitlist in in Denver are already at 100% capacity.
2. You're interested, but the timing is bad.

If you'd like me to follow up in a few months when you're looking to open new rooms or hire BCBAs, just reply ""later"".

Otherwise, if you ever want to review our intake framework, it's always live at:
https://abaclinics.clubemkt.digital/crm/api/track/click?lid=lead_0022&touch=4&url=https%3A%2F%2Fabaclinics.clubemkt.digital%2Faba%3Flid%3Dlead_0022%26utm_source%3Dcold_email%26utm_medium%3Demail%26utm_campaign%3Dpilot-2026-09-25-verified%26utm_content%3Dtouch_4

Thanks for all you do for the autism community in CO.

Best,
Hudson","https://abaclinics.clubemkt.digital/crm/api/track/click?lid=lead_0022&touch=4&url=https%3A%2F%2Fabaclinics.clubemkt.digital%2Faba%3Flid%3Dlead_0022%26utm_source%3Dcold_email%26utm_medium%3Demail%26utm_campaign%3Dpilot-2026-09-25-verified%26utm_content%3Dtouch_4"