company_name,contact_name,contact_first_name,email,city,state,locations_count,batch_id,touch1_subject,touch1_body,touch1_url,touch2_subject,touch2_body,touch2_url,touch3_subject,touch3_body,touch3_url
"Ability ABA Therapy","Dr. Amy Foxman","Dr.","amy@abilityaba.com","Dallas","TX","1","pilot-2026-09-25-live","Quick question about Ability ABA Therapy's openings in TX","Hi Dr.,

I was looking at independent ABA practices in Dallas and came across Ability ABA Therapy. 

A lot of clinic owners we talk to with 1–3 locations tell us their biggest bottleneck isn't clinical interest—it's getting predictable commercial-insurance & private-pay inquiries without giving up margins to PE aggregators.

We built an intake & patient growth system specifically for independent practices at Ability ABA Therapy. You can see how the intake flow and caseload matching work here:

{{TRACKED_URL_TOUCH_1}}

Do you have 15 minutes this Thursday or Friday to see if this fits your current openings?

Best,
Hudson Argollo
Gold Traffic / ABA Practice Growth","https://abaclinics.clubemkt.digital/aba?lid={{LEAD_ID}}&utm_source=cold_email&utm_medium=email&utm_campaign=pilot-2026-09-25-live&utm_content=touch_1","Re: Ability ABA Therapy's openings in TX","Hi Dr.,

Quick follow-up on my note from earlier this week.

When clinics expand or try to hire new BCBAs, keeping the waitlist warm and converting families at the exact moment a slot opens is usually what keeps rooms full.

We put together a 20-minute discovery breakdown for independent practices:
{{TRACKED_URL_TOUCH_2}}

Would love to share what's working for clinics in TX if you're open to it.

Best,
Hudson","https://abaclinics.clubemkt.digital/aba?lid={{LEAD_ID}}&utm_source=cold_email&utm_medium=email&utm_campaign=pilot-2026-09-25-live&utm_content=touch_2","Filling Ability ABA Therapy's caseload (TX)","Hi Dr.,

I know you're busy running Ability ABA Therapy. 

If patient intake or waitlist conversion isn't a priority right now, no worries at all. If you ever want to check our 2-minute fit assessment or look at the numbers, you can bookmark this link:

{{TRACKED_URL_TOUCH_3}}

Wishing you and the team continued success in Dallas!

Best,
Hudson","https://abaclinics.clubemkt.digital/aba?lid={{LEAD_ID}}&utm_source=cold_email&utm_medium=email&utm_campaign=pilot-2026-09-25-live&utm_content=touch_3"
"Marigold Learning Academy & ABA","Karri Shojaei-Scott","Karri","karri@marigoldlearningacademy.com","Rockwall","TX","2","pilot-2026-09-25-live","Quick question about Marigold Learning Academy & ABA's openings in TX","Hi Karri,

I was looking at independent ABA practices in Rockwall and came across Marigold Learning Academy & ABA. 

A lot of clinic owners we talk to with 1–3 locations tell us their biggest bottleneck isn't clinical interest—it's getting predictable commercial-insurance & private-pay inquiries without giving up margins to PE aggregators.

We built an intake & patient growth system specifically for independent practices across your 2 locations. You can see how the intake flow and caseload matching work here:

{{TRACKED_URL_TOUCH_1}}

Do you have 15 minutes this Thursday or Friday to see if this fits your current openings?

Best,
Hudson Argollo
Gold Traffic / ABA Practice Growth","https://abaclinics.clubemkt.digital/aba?lid={{LEAD_ID}}&utm_source=cold_email&utm_medium=email&utm_campaign=pilot-2026-09-25-live&utm_content=touch_1","Re: Marigold Learning Academy & ABA's openings in TX","Hi Karri,

Quick follow-up on my note from earlier this week.

When clinics expand or try to hire new BCBAs, keeping the waitlist warm and converting families at the exact moment a slot opens is usually what keeps rooms full.

We put together a 20-minute discovery breakdown for independent practices:
{{TRACKED_URL_TOUCH_2}}

Would love to share what's working for clinics in TX if you're open to it.

Best,
Hudson","https://abaclinics.clubemkt.digital/aba?lid={{LEAD_ID}}&utm_source=cold_email&utm_medium=email&utm_campaign=pilot-2026-09-25-live&utm_content=touch_2","Filling Marigold Learning Academy & ABA's caseload (TX)","Hi Karri,

I know you're busy running Marigold Learning Academy & ABA. 

If patient intake or waitlist conversion isn't a priority right now, no worries at all. If you ever want to check our 2-minute fit assessment or look at the numbers, you can bookmark this link:

{{TRACKED_URL_TOUCH_3}}

Wishing you and the team continued success in Rockwall!

Best,
Hudson","https://abaclinics.clubemkt.digital/aba?lid={{LEAD_ID}}&utm_source=cold_email&utm_medium=email&utm_campaign=pilot-2026-09-25-live&utm_content=touch_3"
"Tree of Life ABA Therapy","Samantha Sanchez","Samantha","samantha@treeoflifeaba.com","Austin","TX","1","pilot-2026-09-25-live","Quick question about Tree of Life ABA Therapy's openings in TX","Hi Samantha,

I was looking at independent ABA practices in Austin and came across Tree of Life ABA Therapy. 

A lot of clinic owners we talk to with 1–3 locations tell us their biggest bottleneck isn't clinical interest—it's getting predictable commercial-insurance & private-pay inquiries without giving up margins to PE aggregators.

We built an intake & patient growth system specifically for independent practices at Tree of Life ABA Therapy. You can see how the intake flow and caseload matching work here:

{{TRACKED_URL_TOUCH_1}}

Do you have 15 minutes this Thursday or Friday to see if this fits your current openings?

Best,
Hudson Argollo
Gold Traffic / ABA Practice Growth","https://abaclinics.clubemkt.digital/aba?lid={{LEAD_ID}}&utm_source=cold_email&utm_medium=email&utm_campaign=pilot-2026-09-25-live&utm_content=touch_1","Re: Tree of Life ABA Therapy's openings in TX","Hi Samantha,

Quick follow-up on my note from earlier this week.

When clinics expand or try to hire new BCBAs, keeping the waitlist warm and converting families at the exact moment a slot opens is usually what keeps rooms full.

We put together a 20-minute discovery breakdown for independent practices:
{{TRACKED_URL_TOUCH_2}}

Would love to share what's working for clinics in TX if you're open to it.

Best,
Hudson","https://abaclinics.clubemkt.digital/aba?lid={{LEAD_ID}}&utm_source=cold_email&utm_medium=email&utm_campaign=pilot-2026-09-25-live&utm_content=touch_2","Filling Tree of Life ABA Therapy's caseload (TX)","Hi Samantha,

I know you're busy running Tree of Life ABA Therapy. 

If patient intake or waitlist conversion isn't a priority right now, no worries at all. If you ever want to check our 2-minute fit assessment or look at the numbers, you can bookmark this link:

{{TRACKED_URL_TOUCH_3}}

Wishing you and the team continued success in Austin!

Best,
Hudson","https://abaclinics.clubemkt.digital/aba?lid={{LEAD_ID}}&utm_source=cold_email&utm_medium=email&utm_campaign=pilot-2026-09-25-live&utm_content=touch_3"
"Galliant Autism Care","Dr. Michelle Kuhn","Dr.","michelle.kuhn@galliantcare.com","Dallas","TX","3","pilot-2026-09-25-live","Quick question about Galliant Autism Care's openings in TX","Hi Dr.,

I was looking at independent ABA practices in Dallas and came across Galliant Autism Care. 

A lot of clinic owners we talk to with 1–3 locations tell us their biggest bottleneck isn't clinical interest—it's getting predictable commercial-insurance & private-pay inquiries without giving up margins to PE aggregators.

We built an intake & patient growth system specifically for independent practices across your 3 locations. You can see how the intake flow and caseload matching work here:

{{TRACKED_URL_TOUCH_1}}

Do you have 15 minutes this Thursday or Friday to see if this fits your current openings?

Best,
Hudson Argollo
Gold Traffic / ABA Practice Growth","https://abaclinics.clubemkt.digital/aba?lid={{LEAD_ID}}&utm_source=cold_email&utm_medium=email&utm_campaign=pilot-2026-09-25-live&utm_content=touch_1","Re: Galliant Autism Care's openings in TX","Hi Dr.,

Quick follow-up on my note from earlier this week.

When clinics expand or try to hire new BCBAs, keeping the waitlist warm and converting families at the exact moment a slot opens is usually what keeps rooms full.

We put together a 20-minute discovery breakdown for independent practices:
{{TRACKED_URL_TOUCH_2}}

Would love to share what's working for clinics in TX if you're open to it.

Best,
Hudson","https://abaclinics.clubemkt.digital/aba?lid={{LEAD_ID}}&utm_source=cold_email&utm_medium=email&utm_campaign=pilot-2026-09-25-live&utm_content=touch_2","Filling Galliant Autism Care's caseload (TX)","Hi Dr.,

I know you're busy running Galliant Autism Care. 

If patient intake or waitlist conversion isn't a priority right now, no worries at all. If you ever want to check our 2-minute fit assessment or look at the numbers, you can bookmark this link:

{{TRACKED_URL_TOUCH_3}}

Wishing you and the team continued success in Dallas!

Best,
Hudson","https://abaclinics.clubemkt.digital/aba?lid={{LEAD_ID}}&utm_source=cold_email&utm_medium=email&utm_campaign=pilot-2026-09-25-live&utm_content=touch_3"
"BrightPath Behavior","Faith Finstad","Faith","faith@brightpathbehavior.com","Sugar Land","TX","2","pilot-2026-09-25-live","Quick question about BrightPath Behavior's openings in TX","Hi Faith,

I was looking at independent ABA practices in Sugar Land and came across BrightPath Behavior. 

A lot of clinic owners we talk to with 1–3 locations tell us their biggest bottleneck isn't clinical interest—it's getting predictable commercial-insurance & private-pay inquiries without giving up margins to PE aggregators.

We built an intake & patient growth system specifically for independent practices across your 2 locations. You can see how the intake flow and caseload matching work here:

{{TRACKED_URL_TOUCH_1}}

Do you have 15 minutes this Thursday or Friday to see if this fits your current openings?

Best,
Hudson Argollo
Gold Traffic / ABA Practice Growth","https://abaclinics.clubemkt.digital/aba?lid={{LEAD_ID}}&utm_source=cold_email&utm_medium=email&utm_campaign=pilot-2026-09-25-live&utm_content=touch_1","Re: BrightPath Behavior's openings in TX","Hi Faith,

Quick follow-up on my note from earlier this week.

When clinics expand or try to hire new BCBAs, keeping the waitlist warm and converting families at the exact moment a slot opens is usually what keeps rooms full.

We put together a 20-minute discovery breakdown for independent practices:
{{TRACKED_URL_TOUCH_2}}

Would love to share what's working for clinics in TX if you're open to it.

Best,
Hudson","https://abaclinics.clubemkt.digital/aba?lid={{LEAD_ID}}&utm_source=cold_email&utm_medium=email&utm_campaign=pilot-2026-09-25-live&utm_content=touch_2","Filling BrightPath Behavior's caseload (TX)","Hi Faith,

I know you're busy running BrightPath Behavior. 

If patient intake or waitlist conversion isn't a priority right now, no worries at all. If you ever want to check our 2-minute fit assessment or look at the numbers, you can bookmark this link:

{{TRACKED_URL_TOUCH_3}}

Wishing you and the team continued success in Sugar Land!

Best,
Hudson","https://abaclinics.clubemkt.digital/aba?lid={{LEAD_ID}}&utm_source=cold_email&utm_medium=email&utm_campaign=pilot-2026-09-25-live&utm_content=touch_3"
"Restore ABA & Speech Therapy","Natalie Villante","Natalie","admin@restoreaba.com","Cypress","TX","2","pilot-2026-09-25-live","Quick question about Restore ABA & Speech Therapy's openings in TX","Hi Natalie,

I was looking at independent ABA practices in Cypress and came across Restore ABA & Speech Therapy. 

A lot of clinic owners we talk to with 1–3 locations tell us their biggest bottleneck isn't clinical interest—it's getting predictable commercial-insurance & private-pay inquiries without giving up margins to PE aggregators.

We built an intake & patient growth system specifically for independent practices across your 2 locations. You can see how the intake flow and caseload matching work here:

{{TRACKED_URL_TOUCH_1}}

Do you have 15 minutes this Thursday or Friday to see if this fits your current openings?

Best,
Hudson Argollo
Gold Traffic / ABA Practice Growth","https://abaclinics.clubemkt.digital/aba?lid={{LEAD_ID}}&utm_source=cold_email&utm_medium=email&utm_campaign=pilot-2026-09-25-live&utm_content=touch_1","Re: Restore ABA & Speech Therapy's openings in TX","Hi Natalie,

Quick follow-up on my note from earlier this week.

When clinics expand or try to hire new BCBAs, keeping the waitlist warm and converting families at the exact moment a slot opens is usually what keeps rooms full.

We put together a 20-minute discovery breakdown for independent practices:
{{TRACKED_URL_TOUCH_2}}

Would love to share what's working for clinics in TX if you're open to it.

Best,
Hudson","https://abaclinics.clubemkt.digital/aba?lid={{LEAD_ID}}&utm_source=cold_email&utm_medium=email&utm_campaign=pilot-2026-09-25-live&utm_content=touch_2","Filling Restore ABA & Speech Therapy's caseload (TX)","Hi Natalie,

I know you're busy running Restore ABA & Speech Therapy. 

If patient intake or waitlist conversion isn't a priority right now, no worries at all. If you ever want to check our 2-minute fit assessment or look at the numbers, you can bookmark this link:

{{TRACKED_URL_TOUCH_3}}

Wishing you and the team continued success in Cypress!

Best,
Hudson","https://abaclinics.clubemkt.digital/aba?lid={{LEAD_ID}}&utm_source=cold_email&utm_medium=email&utm_campaign=pilot-2026-09-25-live&utm_content=touch_3"
"Behavior TLC","Jennifer Corbridge","Jennifer","jennifer@behaviortlc.com","Houston","TX","2","pilot-2026-09-25-live","Quick question about Behavior TLC's openings in TX","Hi Jennifer,

I was looking at independent ABA practices in Houston and came across Behavior TLC. 

A lot of clinic owners we talk to with 1–3 locations tell us their biggest bottleneck isn't clinical interest—it's getting predictable commercial-insurance & private-pay inquiries without giving up margins to PE aggregators.

We built an intake & patient growth system specifically for independent practices across your 2 locations. You can see how the intake flow and caseload matching work here:

{{TRACKED_URL_TOUCH_1}}

Do you have 15 minutes this Thursday or Friday to see if this fits your current openings?

Best,
Hudson Argollo
Gold Traffic / ABA Practice Growth","https://abaclinics.clubemkt.digital/aba?lid={{LEAD_ID}}&utm_source=cold_email&utm_medium=email&utm_campaign=pilot-2026-09-25-live&utm_content=touch_1","Re: Behavior TLC's openings in TX","Hi Jennifer,

Quick follow-up on my note from earlier this week.

When clinics expand or try to hire new BCBAs, keeping the waitlist warm and converting families at the exact moment a slot opens is usually what keeps rooms full.

We put together a 20-minute discovery breakdown for independent practices:
{{TRACKED_URL_TOUCH_2}}

Would love to share what's working for clinics in TX if you're open to it.

Best,
Hudson","https://abaclinics.clubemkt.digital/aba?lid={{LEAD_ID}}&utm_source=cold_email&utm_medium=email&utm_campaign=pilot-2026-09-25-live&utm_content=touch_2","Filling Behavior TLC's caseload (TX)","Hi Jennifer,

I know you're busy running Behavior TLC. 

If patient intake or waitlist conversion isn't a priority right now, no worries at all. If you ever want to check our 2-minute fit assessment or look at the numbers, you can bookmark this link:

{{TRACKED_URL_TOUCH_3}}

Wishing you and the team continued success in Houston!

Best,
Hudson","https://abaclinics.clubemkt.digital/aba?lid={{LEAD_ID}}&utm_source=cold_email&utm_medium=email&utm_campaign=pilot-2026-09-25-live&utm_content=touch_3"
"The Behavior Exchange","Tammy Cline-Soza","Tammy","tammy@behaviorexchange.com","Plano","TX","2","pilot-2026-09-25-live","Quick question about The Behavior Exchange's openings in TX","Hi Tammy,

I was looking at independent ABA practices in Plano and came across The Behavior Exchange. 

A lot of clinic owners we talk to with 1–3 locations tell us their biggest bottleneck isn't clinical interest—it's getting predictable commercial-insurance & private-pay inquiries without giving up margins to PE aggregators.

We built an intake & patient growth system specifically for independent practices across your 2 locations. You can see how the intake flow and caseload matching work here:

{{TRACKED_URL_TOUCH_1}}

Do you have 15 minutes this Thursday or Friday to see if this fits your current openings?

Best,
Hudson Argollo
Gold Traffic / ABA Practice Growth","https://abaclinics.clubemkt.digital/aba?lid={{LEAD_ID}}&utm_source=cold_email&utm_medium=email&utm_campaign=pilot-2026-09-25-live&utm_content=touch_1","Re: The Behavior Exchange's openings in TX","Hi Tammy,

Quick follow-up on my note from earlier this week.

When clinics expand or try to hire new BCBAs, keeping the waitlist warm and converting families at the exact moment a slot opens is usually what keeps rooms full.

We put together a 20-minute discovery breakdown for independent practices:
{{TRACKED_URL_TOUCH_2}}

Would love to share what's working for clinics in TX if you're open to it.

Best,
Hudson","https://abaclinics.clubemkt.digital/aba?lid={{LEAD_ID}}&utm_source=cold_email&utm_medium=email&utm_campaign=pilot-2026-09-25-live&utm_content=touch_2","Filling The Behavior Exchange's caseload (TX)","Hi Tammy,

I know you're busy running The Behavior Exchange. 

If patient intake or waitlist conversion isn't a priority right now, no worries at all. If you ever want to check our 2-minute fit assessment or look at the numbers, you can bookmark this link:

{{TRACKED_URL_TOUCH_3}}

Wishing you and the team continued success in Plano!

Best,
Hudson","https://abaclinics.clubemkt.digital/aba?lid={{LEAD_ID}}&utm_source=cold_email&utm_medium=email&utm_campaign=pilot-2026-09-25-live&utm_content=touch_3"
"Stepping Stones Therapy Center","Patricia Hernandez","Patricia","patricia@steppingstonestherapy.com","San Antonio","TX","2","pilot-2026-09-25-live","Quick question about Stepping Stones Therapy Center's openings in TX","Hi Patricia,

I was looking at independent ABA practices in San Antonio and came across Stepping Stones Therapy Center. 

A lot of clinic owners we talk to with 1–3 locations tell us their biggest bottleneck isn't clinical interest—it's getting predictable commercial-insurance & private-pay inquiries without giving up margins to PE aggregators.

We built an intake & patient growth system specifically for independent practices across your 2 locations. You can see how the intake flow and caseload matching work here:

{{TRACKED_URL_TOUCH_1}}

Do you have 15 minutes this Thursday or Friday to see if this fits your current openings?

Best,
Hudson Argollo
Gold Traffic / ABA Practice Growth","https://abaclinics.clubemkt.digital/aba?lid={{LEAD_ID}}&utm_source=cold_email&utm_medium=email&utm_campaign=pilot-2026-09-25-live&utm_content=touch_1","Re: Stepping Stones Therapy Center's openings in TX","Hi Patricia,

Quick follow-up on my note from earlier this week.

When clinics expand or try to hire new BCBAs, keeping the waitlist warm and converting families at the exact moment a slot opens is usually what keeps rooms full.

We put together a 20-minute discovery breakdown for independent practices:
{{TRACKED_URL_TOUCH_2}}

Would love to share what's working for clinics in TX if you're open to it.

Best,
Hudson","https://abaclinics.clubemkt.digital/aba?lid={{LEAD_ID}}&utm_source=cold_email&utm_medium=email&utm_campaign=pilot-2026-09-25-live&utm_content=touch_2","Filling Stepping Stones Therapy Center's caseload (TX)","Hi Patricia,

I know you're busy running Stepping Stones Therapy Center. 

If patient intake or waitlist conversion isn't a priority right now, no worries at all. If you ever want to check our 2-minute fit assessment or look at the numbers, you can bookmark this link:

{{TRACKED_URL_TOUCH_3}}

Wishing you and the team continued success in San Antonio!

Best,
Hudson","https://abaclinics.clubemkt.digital/aba?lid={{LEAD_ID}}&utm_source=cold_email&utm_medium=email&utm_campaign=pilot-2026-09-25-live&utm_content=touch_3"
"Pathways Autism Center","Cody Wright","Cody","cody@pathwaysautism.com","Fort Worth","TX","2","pilot-2026-09-25-live","Quick question about Pathways Autism Center's openings in TX","Hi Cody,

I was looking at independent ABA practices in Fort Worth and came across Pathways Autism Center. 

A lot of clinic owners we talk to with 1–3 locations tell us their biggest bottleneck isn't clinical interest—it's getting predictable commercial-insurance & private-pay inquiries without giving up margins to PE aggregators.

We built an intake & patient growth system specifically for independent practices across your 2 locations. You can see how the intake flow and caseload matching work here:

{{TRACKED_URL_TOUCH_1}}

Do you have 15 minutes this Thursday or Friday to see if this fits your current openings?

Best,
Hudson Argollo
Gold Traffic / ABA Practice Growth","https://abaclinics.clubemkt.digital/aba?lid={{LEAD_ID}}&utm_source=cold_email&utm_medium=email&utm_campaign=pilot-2026-09-25-live&utm_content=touch_1","Re: Pathways Autism Center's openings in TX","Hi Cody,

Quick follow-up on my note from earlier this week.

When clinics expand or try to hire new BCBAs, keeping the waitlist warm and converting families at the exact moment a slot opens is usually what keeps rooms full.

We put together a 20-minute discovery breakdown for independent practices:
{{TRACKED_URL_TOUCH_2}}

Would love to share what's working for clinics in TX if you're open to it.

Best,
Hudson","https://abaclinics.clubemkt.digital/aba?lid={{LEAD_ID}}&utm_source=cold_email&utm_medium=email&utm_campaign=pilot-2026-09-25-live&utm_content=touch_2","Filling Pathways Autism Center's caseload (TX)","Hi Cody,

I know you're busy running Pathways Autism Center. 

If patient intake or waitlist conversion isn't a priority right now, no worries at all. If you ever want to check our 2-minute fit assessment or look at the numbers, you can bookmark this link:

{{TRACKED_URL_TOUCH_3}}

Wishing you and the team continued success in Fort Worth!

Best,
Hudson","https://abaclinics.clubemkt.digital/aba?lid={{LEAD_ID}}&utm_source=cold_email&utm_medium=email&utm_campaign=pilot-2026-09-25-live&utm_content=touch_3"
"Piece-by-Piece Behavioral Therapy","Annabelle Lozano","Annabelle","ana@pbpbehavior.com","Miami","FL","1","pilot-2026-09-25-live","Quick question about Piece-by-Piece Behavioral Therapy's openings in FL","Hi Annabelle,

I was looking at independent ABA practices in Miami and came across Piece-by-Piece Behavioral Therapy. 

A lot of clinic owners we talk to with 1–3 locations tell us their biggest bottleneck isn't clinical interest—it's getting predictable commercial-insurance & private-pay inquiries without giving up margins to PE aggregators.

We built an intake & patient growth system specifically for independent practices at Piece-by-Piece Behavioral Therapy. You can see how the intake flow and caseload matching work here:

{{TRACKED_URL_TOUCH_1}}

Do you have 15 minutes this Thursday or Friday to see if this fits your current openings?

Best,
Hudson Argollo
Gold Traffic / ABA Practice Growth","https://abaclinics.clubemkt.digital/aba?lid={{LEAD_ID}}&utm_source=cold_email&utm_medium=email&utm_campaign=pilot-2026-09-25-live&utm_content=touch_1","Re: Piece-by-Piece Behavioral Therapy's openings in FL","Hi Annabelle,

Quick follow-up on my note from earlier this week.

When clinics expand or try to hire new BCBAs, keeping the waitlist warm and converting families at the exact moment a slot opens is usually what keeps rooms full.

We put together a 20-minute discovery breakdown for independent practices:
{{TRACKED_URL_TOUCH_2}}

Would love to share what's working for clinics in FL if you're open to it.

Best,
Hudson","https://abaclinics.clubemkt.digital/aba?lid={{LEAD_ID}}&utm_source=cold_email&utm_medium=email&utm_campaign=pilot-2026-09-25-live&utm_content=touch_2","Filling Piece-by-Piece Behavioral Therapy's caseload (FL)","Hi Annabelle,

I know you're busy running Piece-by-Piece Behavioral Therapy. 

If patient intake or waitlist conversion isn't a priority right now, no worries at all. If you ever want to check our 2-minute fit assessment or look at the numbers, you can bookmark this link:

{{TRACKED_URL_TOUCH_3}}

Wishing you and the team continued success in Miami!

Best,
Hudson","https://abaclinics.clubemkt.digital/aba?lid={{LEAD_ID}}&utm_source=cold_email&utm_medium=email&utm_campaign=pilot-2026-09-25-live&utm_content=touch_3"
"CAL-ABA Compassionate Therapy","Cristina Andrade","Cristina","cristina@calabatherapy.com","Fort Lauderdale","FL","2","pilot-2026-09-25-live","Quick question about CAL-ABA Compassionate Therapy's openings in FL","Hi Cristina,

I was looking at independent ABA practices in Fort Lauderdale and came across CAL-ABA Compassionate Therapy. 

A lot of clinic owners we talk to with 1–3 locations tell us their biggest bottleneck isn't clinical interest—it's getting predictable commercial-insurance & private-pay inquiries without giving up margins to PE aggregators.

We built an intake & patient growth system specifically for independent practices across your 2 locations. You can see how the intake flow and caseload matching work here:

{{TRACKED_URL_TOUCH_1}}

Do you have 15 minutes this Thursday or Friday to see if this fits your current openings?

Best,
Hudson Argollo
Gold Traffic / ABA Practice Growth","https://abaclinics.clubemkt.digital/aba?lid={{LEAD_ID}}&utm_source=cold_email&utm_medium=email&utm_campaign=pilot-2026-09-25-live&utm_content=touch_1","Re: CAL-ABA Compassionate Therapy's openings in FL","Hi Cristina,

Quick follow-up on my note from earlier this week.

When clinics expand or try to hire new BCBAs, keeping the waitlist warm and converting families at the exact moment a slot opens is usually what keeps rooms full.

We put together a 20-minute discovery breakdown for independent practices:
{{TRACKED_URL_TOUCH_2}}

Would love to share what's working for clinics in FL if you're open to it.

Best,
Hudson","https://abaclinics.clubemkt.digital/aba?lid={{LEAD_ID}}&utm_source=cold_email&utm_medium=email&utm_campaign=pilot-2026-09-25-live&utm_content=touch_2","Filling CAL-ABA Compassionate Therapy's caseload (FL)","Hi Cristina,

I know you're busy running CAL-ABA Compassionate Therapy. 

If patient intake or waitlist conversion isn't a priority right now, no worries at all. If you ever want to check our 2-minute fit assessment or look at the numbers, you can bookmark this link:

{{TRACKED_URL_TOUCH_3}}

Wishing you and the team continued success in Fort Lauderdale!

Best,
Hudson","https://abaclinics.clubemkt.digital/aba?lid={{LEAD_ID}}&utm_source=cold_email&utm_medium=email&utm_campaign=pilot-2026-09-25-live&utm_content=touch_3"
"Lotus Behavioral Interventions","Karelix Alicea","Karelix","karelix@lotusbehavior.com","Miami","FL","3","pilot-2026-09-25-live","Quick question about Lotus Behavioral Interventions's openings in FL","Hi Karelix,

I was looking at independent ABA practices in Miami and came across Lotus Behavioral Interventions. 

A lot of clinic owners we talk to with 1–3 locations tell us their biggest bottleneck isn't clinical interest—it's getting predictable commercial-insurance & private-pay inquiries without giving up margins to PE aggregators.

We built an intake & patient growth system specifically for independent practices across your 3 locations. You can see how the intake flow and caseload matching work here:

{{TRACKED_URL_TOUCH_1}}

Do you have 15 minutes this Thursday or Friday to see if this fits your current openings?

Best,
Hudson Argollo
Gold Traffic / ABA Practice Growth","https://abaclinics.clubemkt.digital/aba?lid={{LEAD_ID}}&utm_source=cold_email&utm_medium=email&utm_campaign=pilot-2026-09-25-live&utm_content=touch_1","Re: Lotus Behavioral Interventions's openings in FL","Hi Karelix,

Quick follow-up on my note from earlier this week.

When clinics expand or try to hire new BCBAs, keeping the waitlist warm and converting families at the exact moment a slot opens is usually what keeps rooms full.

We put together a 20-minute discovery breakdown for independent practices:
{{TRACKED_URL_TOUCH_2}}

Would love to share what's working for clinics in FL if you're open to it.

Best,
Hudson","https://abaclinics.clubemkt.digital/aba?lid={{LEAD_ID}}&utm_source=cold_email&utm_medium=email&utm_campaign=pilot-2026-09-25-live&utm_content=touch_2","Filling Lotus Behavioral Interventions's caseload (FL)","Hi Karelix,

I know you're busy running Lotus Behavioral Interventions. 

If patient intake or waitlist conversion isn't a priority right now, no worries at all. If you ever want to check our 2-minute fit assessment or look at the numbers, you can bookmark this link:

{{TRACKED_URL_TOUCH_3}}

Wishing you and the team continued success in Miami!

Best,
Hudson","https://abaclinics.clubemkt.digital/aba?lid={{LEAD_ID}}&utm_source=cold_email&utm_medium=email&utm_campaign=pilot-2026-09-25-live&utm_content=touch_3"
"LEAP with ABA Therapy","Liz Laurent Espinosa","Liz","liz@leapwithabatherapy.com","North Fort Myers","FL","1","pilot-2026-09-25-live","Quick question about LEAP with ABA Therapy's openings in FL","Hi Liz,

I was looking at independent ABA practices in North Fort Myers and came across LEAP with ABA Therapy. 

A lot of clinic owners we talk to with 1–3 locations tell us their biggest bottleneck isn't clinical interest—it's getting predictable commercial-insurance & private-pay inquiries without giving up margins to PE aggregators.

We built an intake & patient growth system specifically for independent practices at LEAP with ABA Therapy. You can see how the intake flow and caseload matching work here:

{{TRACKED_URL_TOUCH_1}}

Do you have 15 minutes this Thursday or Friday to see if this fits your current openings?

Best,
Hudson Argollo
Gold Traffic / ABA Practice Growth","https://abaclinics.clubemkt.digital/aba?lid={{LEAD_ID}}&utm_source=cold_email&utm_medium=email&utm_campaign=pilot-2026-09-25-live&utm_content=touch_1","Re: LEAP with ABA Therapy's openings in FL","Hi Liz,

Quick follow-up on my note from earlier this week.

When clinics expand or try to hire new BCBAs, keeping the waitlist warm and converting families at the exact moment a slot opens is usually what keeps rooms full.

We put together a 20-minute discovery breakdown for independent practices:
{{TRACKED_URL_TOUCH_2}}

Would love to share what's working for clinics in FL if you're open to it.

Best,
Hudson","https://abaclinics.clubemkt.digital/aba?lid={{LEAD_ID}}&utm_source=cold_email&utm_medium=email&utm_campaign=pilot-2026-09-25-live&utm_content=touch_2","Filling LEAP with ABA Therapy's caseload (FL)","Hi Liz,

I know you're busy running LEAP with ABA Therapy. 

If patient intake or waitlist conversion isn't a priority right now, no worries at all. If you ever want to check our 2-minute fit assessment or look at the numbers, you can bookmark this link:

{{TRACKED_URL_TOUCH_3}}

Wishing you and the team continued success in North Fort Myers!

Best,
Hudson","https://abaclinics.clubemkt.digital/aba?lid={{LEAD_ID}}&utm_source=cold_email&utm_medium=email&utm_campaign=pilot-2026-09-25-live&utm_content=touch_3"
"NeuroDverse Behavioral Health","Gretel Debasa Marimon","Gretel","gretel@neurodverse.com","Doral","FL","1","pilot-2026-09-25-live","Quick question about NeuroDverse Behavioral Health's openings in FL","Hi Gretel,

I was looking at independent ABA practices in Doral and came across NeuroDverse Behavioral Health. 

A lot of clinic owners we talk to with 1–3 locations tell us their biggest bottleneck isn't clinical interest—it's getting predictable commercial-insurance & private-pay inquiries without giving up margins to PE aggregators.

We built an intake & patient growth system specifically for independent practices at NeuroDverse Behavioral Health. You can see how the intake flow and caseload matching work here:

{{TRACKED_URL_TOUCH_1}}

Do you have 15 minutes this Thursday or Friday to see if this fits your current openings?

Best,
Hudson Argollo
Gold Traffic / ABA Practice Growth","https://abaclinics.clubemkt.digital/aba?lid={{LEAD_ID}}&utm_source=cold_email&utm_medium=email&utm_campaign=pilot-2026-09-25-live&utm_content=touch_1","Re: NeuroDverse Behavioral Health's openings in FL","Hi Gretel,

Quick follow-up on my note from earlier this week.

When clinics expand or try to hire new BCBAs, keeping the waitlist warm and converting families at the exact moment a slot opens is usually what keeps rooms full.

We put together a 20-minute discovery breakdown for independent practices:
{{TRACKED_URL_TOUCH_2}}

Would love to share what's working for clinics in FL if you're open to it.

Best,
Hudson","https://abaclinics.clubemkt.digital/aba?lid={{LEAD_ID}}&utm_source=cold_email&utm_medium=email&utm_campaign=pilot-2026-09-25-live&utm_content=touch_2","Filling NeuroDverse Behavioral Health's caseload (FL)","Hi Gretel,

I know you're busy running NeuroDverse Behavioral Health. 

If patient intake or waitlist conversion isn't a priority right now, no worries at all. If you ever want to check our 2-minute fit assessment or look at the numbers, you can bookmark this link:

{{TRACKED_URL_TOUCH_3}}

Wishing you and the team continued success in Doral!

Best,
Hudson","https://abaclinics.clubemkt.digital/aba?lid={{LEAD_ID}}&utm_source=cold_email&utm_medium=email&utm_campaign=pilot-2026-09-25-live&utm_content=touch_3"
"Self Learning Center","Lucia Barbeyto","Lucia","lucia@selflc.com","Miami","FL","1","pilot-2026-09-25-live","Quick question about Self Learning Center's openings in FL","Hi Lucia,

I was looking at independent ABA practices in Miami and came across Self Learning Center. 

A lot of clinic owners we talk to with 1–3 locations tell us their biggest bottleneck isn't clinical interest—it's getting predictable commercial-insurance & private-pay inquiries without giving up margins to PE aggregators.

We built an intake & patient growth system specifically for independent practices at Self Learning Center. You can see how the intake flow and caseload matching work here:

{{TRACKED_URL_TOUCH_1}}

Do you have 15 minutes this Thursday or Friday to see if this fits your current openings?

Best,
Hudson Argollo
Gold Traffic / ABA Practice Growth","https://abaclinics.clubemkt.digital/aba?lid={{LEAD_ID}}&utm_source=cold_email&utm_medium=email&utm_campaign=pilot-2026-09-25-live&utm_content=touch_1","Re: Self Learning Center's openings in FL","Hi Lucia,

Quick follow-up on my note from earlier this week.

When clinics expand or try to hire new BCBAs, keeping the waitlist warm and converting families at the exact moment a slot opens is usually what keeps rooms full.

We put together a 20-minute discovery breakdown for independent practices:
{{TRACKED_URL_TOUCH_2}}

Would love to share what's working for clinics in FL if you're open to it.

Best,
Hudson","https://abaclinics.clubemkt.digital/aba?lid={{LEAD_ID}}&utm_source=cold_email&utm_medium=email&utm_campaign=pilot-2026-09-25-live&utm_content=touch_2","Filling Self Learning Center's caseload (FL)","Hi Lucia,

I know you're busy running Self Learning Center. 

If patient intake or waitlist conversion isn't a priority right now, no worries at all. If you ever want to check our 2-minute fit assessment or look at the numbers, you can bookmark this link:

{{TRACKED_URL_TOUCH_3}}

Wishing you and the team continued success in Miami!

Best,
Hudson","https://abaclinics.clubemkt.digital/aba?lid={{LEAD_ID}}&utm_source=cold_email&utm_medium=email&utm_campaign=pilot-2026-09-25-live&utm_content=touch_3"
"ABA Therapy Associates","Lisa Abdalla","Lisa","lisa@abatherapyassociates.com","Pinellas Park","FL","2","pilot-2026-09-25-live","Quick question about ABA Therapy Associates's openings in FL","Hi Lisa,

I was looking at independent ABA practices in Pinellas Park and came across ABA Therapy Associates. 

A lot of clinic owners we talk to with 1–3 locations tell us their biggest bottleneck isn't clinical interest—it's getting predictable commercial-insurance & private-pay inquiries without giving up margins to PE aggregators.

We built an intake & patient growth system specifically for independent practices across your 2 locations. You can see how the intake flow and caseload matching work here:

{{TRACKED_URL_TOUCH_1}}

Do you have 15 minutes this Thursday or Friday to see if this fits your current openings?

Best,
Hudson Argollo
Gold Traffic / ABA Practice Growth","https://abaclinics.clubemkt.digital/aba?lid={{LEAD_ID}}&utm_source=cold_email&utm_medium=email&utm_campaign=pilot-2026-09-25-live&utm_content=touch_1","Re: ABA Therapy Associates's openings in FL","Hi Lisa,

Quick follow-up on my note from earlier this week.

When clinics expand or try to hire new BCBAs, keeping the waitlist warm and converting families at the exact moment a slot opens is usually what keeps rooms full.

We put together a 20-minute discovery breakdown for independent practices:
{{TRACKED_URL_TOUCH_2}}

Would love to share what's working for clinics in FL if you're open to it.

Best,
Hudson","https://abaclinics.clubemkt.digital/aba?lid={{LEAD_ID}}&utm_source=cold_email&utm_medium=email&utm_campaign=pilot-2026-09-25-live&utm_content=touch_2","Filling ABA Therapy Associates's caseload (FL)","Hi Lisa,

I know you're busy running ABA Therapy Associates. 

If patient intake or waitlist conversion isn't a priority right now, no worries at all. If you ever want to check our 2-minute fit assessment or look at the numbers, you can bookmark this link:

{{TRACKED_URL_TOUCH_3}}

Wishing you and the team continued success in Pinellas Park!

Best,
Hudson","https://abaclinics.clubemkt.digital/aba?lid={{LEAD_ID}}&utm_source=cold_email&utm_medium=email&utm_campaign=pilot-2026-09-25-live&utm_content=touch_3"
"Koala ABA & Learning Centers","Pedro Curbelo","Pedro","pedro@koalaaba.com","Doral","FL","3","pilot-2026-09-25-live","Quick question about Koala ABA & Learning Centers's openings in FL","Hi Pedro,

I was looking at independent ABA practices in Doral and came across Koala ABA & Learning Centers. 

A lot of clinic owners we talk to with 1–3 locations tell us their biggest bottleneck isn't clinical interest—it's getting predictable commercial-insurance & private-pay inquiries without giving up margins to PE aggregators.

We built an intake & patient growth system specifically for independent practices across your 3 locations. You can see how the intake flow and caseload matching work here:

{{TRACKED_URL_TOUCH_1}}

Do you have 15 minutes this Thursday or Friday to see if this fits your current openings?

Best,
Hudson Argollo
Gold Traffic / ABA Practice Growth","https://abaclinics.clubemkt.digital/aba?lid={{LEAD_ID}}&utm_source=cold_email&utm_medium=email&utm_campaign=pilot-2026-09-25-live&utm_content=touch_1","Re: Koala ABA & Learning Centers's openings in FL","Hi Pedro,

Quick follow-up on my note from earlier this week.

When clinics expand or try to hire new BCBAs, keeping the waitlist warm and converting families at the exact moment a slot opens is usually what keeps rooms full.

We put together a 20-minute discovery breakdown for independent practices:
{{TRACKED_URL_TOUCH_2}}

Would love to share what's working for clinics in FL if you're open to it.

Best,
Hudson","https://abaclinics.clubemkt.digital/aba?lid={{LEAD_ID}}&utm_source=cold_email&utm_medium=email&utm_campaign=pilot-2026-09-25-live&utm_content=touch_2","Filling Koala ABA & Learning Centers's caseload (FL)","Hi Pedro,

I know you're busy running Koala ABA & Learning Centers. 

If patient intake or waitlist conversion isn't a priority right now, no worries at all. If you ever want to check our 2-minute fit assessment or look at the numbers, you can bookmark this link:

{{TRACKED_URL_TOUCH_3}}

Wishing you and the team continued success in Doral!

Best,
Hudson","https://abaclinics.clubemkt.digital/aba?lid={{LEAD_ID}}&utm_source=cold_email&utm_medium=email&utm_campaign=pilot-2026-09-25-live&utm_content=touch_3"
"Abacus Therapies","Brad Fenton","Brad","brad@abacustherapies.com","Boca Raton","FL","2","pilot-2026-09-25-live","Quick question about Abacus Therapies's openings in FL","Hi Brad,

I was looking at independent ABA practices in Boca Raton and came across Abacus Therapies. 

A lot of clinic owners we talk to with 1–3 locations tell us their biggest bottleneck isn't clinical interest—it's getting predictable commercial-insurance & private-pay inquiries without giving up margins to PE aggregators.

We built an intake & patient growth system specifically for independent practices across your 2 locations. You can see how the intake flow and caseload matching work here:

{{TRACKED_URL_TOUCH_1}}

Do you have 15 minutes this Thursday or Friday to see if this fits your current openings?

Best,
Hudson Argollo
Gold Traffic / ABA Practice Growth","https://abaclinics.clubemkt.digital/aba?lid={{LEAD_ID}}&utm_source=cold_email&utm_medium=email&utm_campaign=pilot-2026-09-25-live&utm_content=touch_1","Re: Abacus Therapies's openings in FL","Hi Brad,

Quick follow-up on my note from earlier this week.

When clinics expand or try to hire new BCBAs, keeping the waitlist warm and converting families at the exact moment a slot opens is usually what keeps rooms full.

We put together a 20-minute discovery breakdown for independent practices:
{{TRACKED_URL_TOUCH_2}}

Would love to share what's working for clinics in FL if you're open to it.

Best,
Hudson","https://abaclinics.clubemkt.digital/aba?lid={{LEAD_ID}}&utm_source=cold_email&utm_medium=email&utm_campaign=pilot-2026-09-25-live&utm_content=touch_2","Filling Abacus Therapies's caseload (FL)","Hi Brad,

I know you're busy running Abacus Therapies. 

If patient intake or waitlist conversion isn't a priority right now, no worries at all. If you ever want to check our 2-minute fit assessment or look at the numbers, you can bookmark this link:

{{TRACKED_URL_TOUCH_3}}

Wishing you and the team continued success in Boca Raton!

Best,
Hudson","https://abaclinics.clubemkt.digital/aba?lid={{LEAD_ID}}&utm_source=cold_email&utm_medium=email&utm_campaign=pilot-2026-09-25-live&utm_content=touch_3"
"Apara Autism Center - Tampa Bay","Tyler Moore","Tyler","tmoore@aparaautism.com","Tampa","FL","2","pilot-2026-09-25-live","Quick question about Apara Autism Center - Tampa Bay's openings in FL","Hi Tyler,

I was looking at independent ABA practices in Tampa and came across Apara Autism Center - Tampa Bay. 

A lot of clinic owners we talk to with 1–3 locations tell us their biggest bottleneck isn't clinical interest—it's getting predictable commercial-insurance & private-pay inquiries without giving up margins to PE aggregators.

We built an intake & patient growth system specifically for independent practices across your 2 locations. You can see how the intake flow and caseload matching work here:

{{TRACKED_URL_TOUCH_1}}

Do you have 15 minutes this Thursday or Friday to see if this fits your current openings?

Best,
Hudson Argollo
Gold Traffic / ABA Practice Growth","https://abaclinics.clubemkt.digital/aba?lid={{LEAD_ID}}&utm_source=cold_email&utm_medium=email&utm_campaign=pilot-2026-09-25-live&utm_content=touch_1","Re: Apara Autism Center - Tampa Bay's openings in FL","Hi Tyler,

Quick follow-up on my note from earlier this week.

When clinics expand or try to hire new BCBAs, keeping the waitlist warm and converting families at the exact moment a slot opens is usually what keeps rooms full.

We put together a 20-minute discovery breakdown for independent practices:
{{TRACKED_URL_TOUCH_2}}

Would love to share what's working for clinics in FL if you're open to it.

Best,
Hudson","https://abaclinics.clubemkt.digital/aba?lid={{LEAD_ID}}&utm_source=cold_email&utm_medium=email&utm_campaign=pilot-2026-09-25-live&utm_content=touch_2","Filling Apara Autism Center - Tampa Bay's caseload (FL)","Hi Tyler,

I know you're busy running Apara Autism Center - Tampa Bay. 

If patient intake or waitlist conversion isn't a priority right now, no worries at all. If you ever want to check our 2-minute fit assessment or look at the numbers, you can bookmark this link:

{{TRACKED_URL_TOUCH_3}}

Wishing you and the team continued success in Tampa!

Best,
Hudson","https://abaclinics.clubemkt.digital/aba?lid={{LEAD_ID}}&utm_source=cold_email&utm_medium=email&utm_campaign=pilot-2026-09-25-live&utm_content=touch_3"
"ABA Autism Specialists","Jesse O'Neil","Jesse","jesse@abaautismspecialists.com","San Diego","CA","1","pilot-2026-09-25-live","Quick question about ABA Autism Specialists's openings in CA","Hi Jesse,

I was looking at independent ABA practices in San Diego and came across ABA Autism Specialists. 

A lot of clinic owners we talk to with 1–3 locations tell us their biggest bottleneck isn't clinical interest—it's getting predictable commercial-insurance & private-pay inquiries without giving up margins to PE aggregators.

We built an intake & patient growth system specifically for independent practices at ABA Autism Specialists. You can see how the intake flow and caseload matching work here:

{{TRACKED_URL_TOUCH_1}}

Do you have 15 minutes this Thursday or Friday to see if this fits your current openings?

Best,
Hudson Argollo
Gold Traffic / ABA Practice Growth","https://abaclinics.clubemkt.digital/aba?lid={{LEAD_ID}}&utm_source=cold_email&utm_medium=email&utm_campaign=pilot-2026-09-25-live&utm_content=touch_1","Re: ABA Autism Specialists's openings in CA","Hi Jesse,

Quick follow-up on my note from earlier this week.

When clinics expand or try to hire new BCBAs, keeping the waitlist warm and converting families at the exact moment a slot opens is usually what keeps rooms full.

We put together a 20-minute discovery breakdown for independent practices:
{{TRACKED_URL_TOUCH_2}}

Would love to share what's working for clinics in CA if you're open to it.

Best,
Hudson","https://abaclinics.clubemkt.digital/aba?lid={{LEAD_ID}}&utm_source=cold_email&utm_medium=email&utm_campaign=pilot-2026-09-25-live&utm_content=touch_2","Filling ABA Autism Specialists's caseload (CA)","Hi Jesse,

I know you're busy running ABA Autism Specialists. 

If patient intake or waitlist conversion isn't a priority right now, no worries at all. If you ever want to check our 2-minute fit assessment or look at the numbers, you can bookmark this link:

{{TRACKED_URL_TOUCH_3}}

Wishing you and the team continued success in San Diego!

Best,
Hudson","https://abaclinics.clubemkt.digital/aba?lid={{LEAD_ID}}&utm_source=cold_email&utm_medium=email&utm_campaign=pilot-2026-09-25-live&utm_content=touch_3"
"Advanced Behavioral Specialists","Hamna Tayyab","Hamna","hamna@advbehavioral.com","Riverside","CA","2","pilot-2026-09-25-live","Quick question about Advanced Behavioral Specialists's openings in CA","Hi Hamna,

I was looking at independent ABA practices in Riverside and came across Advanced Behavioral Specialists. 

A lot of clinic owners we talk to with 1–3 locations tell us their biggest bottleneck isn't clinical interest—it's getting predictable commercial-insurance & private-pay inquiries without giving up margins to PE aggregators.

We built an intake & patient growth system specifically for independent practices across your 2 locations. You can see how the intake flow and caseload matching work here:

{{TRACKED_URL_TOUCH_1}}

Do you have 15 minutes this Thursday or Friday to see if this fits your current openings?

Best,
Hudson Argollo
Gold Traffic / ABA Practice Growth","https://abaclinics.clubemkt.digital/aba?lid={{LEAD_ID}}&utm_source=cold_email&utm_medium=email&utm_campaign=pilot-2026-09-25-live&utm_content=touch_1","Re: Advanced Behavioral Specialists's openings in CA","Hi Hamna,

Quick follow-up on my note from earlier this week.

When clinics expand or try to hire new BCBAs, keeping the waitlist warm and converting families at the exact moment a slot opens is usually what keeps rooms full.

We put together a 20-minute discovery breakdown for independent practices:
{{TRACKED_URL_TOUCH_2}}

Would love to share what's working for clinics in CA if you're open to it.

Best,
Hudson","https://abaclinics.clubemkt.digital/aba?lid={{LEAD_ID}}&utm_source=cold_email&utm_medium=email&utm_campaign=pilot-2026-09-25-live&utm_content=touch_2","Filling Advanced Behavioral Specialists's caseload (CA)","Hi Hamna,

I know you're busy running Advanced Behavioral Specialists. 

If patient intake or waitlist conversion isn't a priority right now, no worries at all. If you ever want to check our 2-minute fit assessment or look at the numbers, you can bookmark this link:

{{TRACKED_URL_TOUCH_3}}

Wishing you and the team continued success in Riverside!

Best,
Hudson","https://abaclinics.clubemkt.digital/aba?lid={{LEAD_ID}}&utm_source=cold_email&utm_medium=email&utm_campaign=pilot-2026-09-25-live&utm_content=touch_3"
"ICAN Autism Clinic","Dr. Saba Torabian","Dr.","saba@icanautism.com","San Jose","CA","2","pilot-2026-09-25-live","Quick question about ICAN Autism Clinic's openings in CA","Hi Dr.,

I was looking at independent ABA practices in San Jose and came across ICAN Autism Clinic. 

A lot of clinic owners we talk to with 1–3 locations tell us their biggest bottleneck isn't clinical interest—it's getting predictable commercial-insurance & private-pay inquiries without giving up margins to PE aggregators.

We built an intake & patient growth system specifically for independent practices across your 2 locations. You can see how the intake flow and caseload matching work here:

{{TRACKED_URL_TOUCH_1}}

Do you have 15 minutes this Thursday or Friday to see if this fits your current openings?

Best,
Hudson Argollo
Gold Traffic / ABA Practice Growth","https://abaclinics.clubemkt.digital/aba?lid={{LEAD_ID}}&utm_source=cold_email&utm_medium=email&utm_campaign=pilot-2026-09-25-live&utm_content=touch_1","Re: ICAN Autism Clinic's openings in CA","Hi Dr.,

Quick follow-up on my note from earlier this week.

When clinics expand or try to hire new BCBAs, keeping the waitlist warm and converting families at the exact moment a slot opens is usually what keeps rooms full.

We put together a 20-minute discovery breakdown for independent practices:
{{TRACKED_URL_TOUCH_2}}

Would love to share what's working for clinics in CA if you're open to it.

Best,
Hudson","https://abaclinics.clubemkt.digital/aba?lid={{LEAD_ID}}&utm_source=cold_email&utm_medium=email&utm_campaign=pilot-2026-09-25-live&utm_content=touch_2","Filling ICAN Autism Clinic's caseload (CA)","Hi Dr.,

I know you're busy running ICAN Autism Clinic. 

If patient intake or waitlist conversion isn't a priority right now, no worries at all. If you ever want to check our 2-minute fit assessment or look at the numbers, you can bookmark this link:

{{TRACKED_URL_TOUCH_3}}

Wishing you and the team continued success in San Jose!

Best,
Hudson","https://abaclinics.clubemkt.digital/aba?lid={{LEAD_ID}}&utm_source=cold_email&utm_medium=email&utm_campaign=pilot-2026-09-25-live&utm_content=touch_3"
"Familias First ABA","Ruth Tello-Di Leva","Ruth","ruth@familiasfirst.com","Los Angeles","CA","2","pilot-2026-09-25-live","Quick question about Familias First ABA's openings in CA","Hi Ruth,

I was looking at independent ABA practices in Los Angeles and came across Familias First ABA. 

A lot of clinic owners we talk to with 1–3 locations tell us their biggest bottleneck isn't clinical interest—it's getting predictable commercial-insurance & private-pay inquiries without giving up margins to PE aggregators.

We built an intake & patient growth system specifically for independent practices across your 2 locations. You can see how the intake flow and caseload matching work here:

{{TRACKED_URL_TOUCH_1}}

Do you have 15 minutes this Thursday or Friday to see if this fits your current openings?

Best,
Hudson Argollo
Gold Traffic / ABA Practice Growth","https://abaclinics.clubemkt.digital/aba?lid={{LEAD_ID}}&utm_source=cold_email&utm_medium=email&utm_campaign=pilot-2026-09-25-live&utm_content=touch_1","Re: Familias First ABA's openings in CA","Hi Ruth,

Quick follow-up on my note from earlier this week.

When clinics expand or try to hire new BCBAs, keeping the waitlist warm and converting families at the exact moment a slot opens is usually what keeps rooms full.

We put together a 20-minute discovery breakdown for independent practices:
{{TRACKED_URL_TOUCH_2}}

Would love to share what's working for clinics in CA if you're open to it.

Best,
Hudson","https://abaclinics.clubemkt.digital/aba?lid={{LEAD_ID}}&utm_source=cold_email&utm_medium=email&utm_campaign=pilot-2026-09-25-live&utm_content=touch_2","Filling Familias First ABA's caseload (CA)","Hi Ruth,

I know you're busy running Familias First ABA. 

If patient intake or waitlist conversion isn't a priority right now, no worries at all. If you ever want to check our 2-minute fit assessment or look at the numbers, you can bookmark this link:

{{TRACKED_URL_TOUCH_3}}

Wishing you and the team continued success in Los Angeles!

Best,
Hudson","https://abaclinics.clubemkt.digital/aba?lid={{LEAD_ID}}&utm_source=cold_email&utm_medium=email&utm_campaign=pilot-2026-09-25-live&utm_content=touch_3"
"MeBe Family Behavioral Health","Abigail Bunt","Abigail","abigail@mebefamily.com","San Diego","CA","3","pilot-2026-09-25-live","Quick question about MeBe Family Behavioral Health's openings in CA","Hi Abigail,

I was looking at independent ABA practices in San Diego and came across MeBe Family Behavioral Health. 

A lot of clinic owners we talk to with 1–3 locations tell us their biggest bottleneck isn't clinical interest—it's getting predictable commercial-insurance & private-pay inquiries without giving up margins to PE aggregators.

We built an intake & patient growth system specifically for independent practices across your 3 locations. You can see how the intake flow and caseload matching work here:

{{TRACKED_URL_TOUCH_1}}

Do you have 15 minutes this Thursday or Friday to see if this fits your current openings?

Best,
Hudson Argollo
Gold Traffic / ABA Practice Growth","https://abaclinics.clubemkt.digital/aba?lid={{LEAD_ID}}&utm_source=cold_email&utm_medium=email&utm_campaign=pilot-2026-09-25-live&utm_content=touch_1","Re: MeBe Family Behavioral Health's openings in CA","Hi Abigail,

Quick follow-up on my note from earlier this week.

When clinics expand or try to hire new BCBAs, keeping the waitlist warm and converting families at the exact moment a slot opens is usually what keeps rooms full.

We put together a 20-minute discovery breakdown for independent practices:
{{TRACKED_URL_TOUCH_2}}

Would love to share what's working for clinics in CA if you're open to it.

Best,
Hudson","https://abaclinics.clubemkt.digital/aba?lid={{LEAD_ID}}&utm_source=cold_email&utm_medium=email&utm_campaign=pilot-2026-09-25-live&utm_content=touch_2","Filling MeBe Family Behavioral Health's caseload (CA)","Hi Abigail,

I know you're busy running MeBe Family Behavioral Health. 

If patient intake or waitlist conversion isn't a priority right now, no worries at all. If you ever want to check our 2-minute fit assessment or look at the numbers, you can bookmark this link:

{{TRACKED_URL_TOUCH_3}}

Wishing you and the team continued success in San Diego!

Best,
Hudson","https://abaclinics.clubemkt.digital/aba?lid={{LEAD_ID}}&utm_source=cold_email&utm_medium=email&utm_campaign=pilot-2026-09-25-live&utm_content=touch_3"
"Autism Spectrum Therapies (AST) Local","Dr. Ronald Leaf","Dr.","rleaf@autismtherapies.com","Pasadena","CA","3","pilot-2026-09-25-live","Quick question about Autism Spectrum Therapies (AST) Local's openings in CA","Hi Dr.,

I was looking at independent ABA practices in Pasadena and came across Autism Spectrum Therapies (AST) Local. 

A lot of clinic owners we talk to with 1–3 locations tell us their biggest bottleneck isn't clinical interest—it's getting predictable commercial-insurance & private-pay inquiries without giving up margins to PE aggregators.

We built an intake & patient growth system specifically for independent practices across your 3 locations. You can see how the intake flow and caseload matching work here:

{{TRACKED_URL_TOUCH_1}}

Do you have 15 minutes this Thursday or Friday to see if this fits your current openings?

Best,
Hudson Argollo
Gold Traffic / ABA Practice Growth","https://abaclinics.clubemkt.digital/aba?lid={{LEAD_ID}}&utm_source=cold_email&utm_medium=email&utm_campaign=pilot-2026-09-25-live&utm_content=touch_1","Re: Autism Spectrum Therapies (AST) Local's openings in CA","Hi Dr.,

Quick follow-up on my note from earlier this week.

When clinics expand or try to hire new BCBAs, keeping the waitlist warm and converting families at the exact moment a slot opens is usually what keeps rooms full.

We put together a 20-minute discovery breakdown for independent practices:
{{TRACKED_URL_TOUCH_2}}

Would love to share what's working for clinics in CA if you're open to it.

Best,
Hudson","https://abaclinics.clubemkt.digital/aba?lid={{LEAD_ID}}&utm_source=cold_email&utm_medium=email&utm_campaign=pilot-2026-09-25-live&utm_content=touch_2","Filling Autism Spectrum Therapies (AST) Local's caseload (CA)","Hi Dr.,

I know you're busy running Autism Spectrum Therapies (AST) Local. 

If patient intake or waitlist conversion isn't a priority right now, no worries at all. If you ever want to check our 2-minute fit assessment or look at the numbers, you can bookmark this link:

{{TRACKED_URL_TOUCH_3}}

Wishing you and the team continued success in Pasadena!

Best,
Hudson","https://abaclinics.clubemkt.digital/aba?lid={{LEAD_ID}}&utm_source=cold_email&utm_medium=email&utm_campaign=pilot-2026-09-25-live&utm_content=touch_3"
"Behavioral Health Works (BHW) SoCal","Dr. Rob Douk","Dr.","rdouk@bhwcares.com","Orange","CA","4","pilot-2026-09-25-live","Quick question about Behavioral Health Works (BHW) SoCal's openings in CA","Hi Dr.,

I was looking at independent ABA practices in Orange and came across Behavioral Health Works (BHW) SoCal. 

A lot of clinic owners we talk to with 1–4 locations tell us their biggest bottleneck isn't clinical interest—it's getting predictable commercial-insurance & private-pay inquiries without giving up margins to PE aggregators.

We built an intake & patient growth system specifically for independent practices across your 4 locations. You can see how the intake flow and caseload matching work here:

{{TRACKED_URL_TOUCH_1}}

Do you have 15 minutes this Thursday or Friday to see if this fits your current openings?

Best,
Hudson Argollo
Gold Traffic / ABA Practice Growth","https://abaclinics.clubemkt.digital/aba?lid={{LEAD_ID}}&utm_source=cold_email&utm_medium=email&utm_campaign=pilot-2026-09-25-live&utm_content=touch_1","Re: Behavioral Health Works (BHW) SoCal's openings in CA","Hi Dr.,

Quick follow-up on my note from earlier this week.

When clinics expand or try to hire new BCBAs, keeping the waitlist warm and converting families at the exact moment a slot opens is usually what keeps rooms full.

We put together a 20-minute discovery breakdown for independent practices:
{{TRACKED_URL_TOUCH_2}}

Would love to share what's working for clinics in CA if you're open to it.

Best,
Hudson","https://abaclinics.clubemkt.digital/aba?lid={{LEAD_ID}}&utm_source=cold_email&utm_medium=email&utm_campaign=pilot-2026-09-25-live&utm_content=touch_2","Filling Behavioral Health Works (BHW) SoCal's caseload (CA)","Hi Dr.,

I know you're busy running Behavioral Health Works (BHW) SoCal. 

If patient intake or waitlist conversion isn't a priority right now, no worries at all. If you ever want to check our 2-minute fit assessment or look at the numbers, you can bookmark this link:

{{TRACKED_URL_TOUCH_3}}

Wishing you and the team continued success in Orange!

Best,
Hudson","https://abaclinics.clubemkt.digital/aba?lid={{LEAD_ID}}&utm_source=cold_email&utm_medium=email&utm_campaign=pilot-2026-09-25-live&utm_content=touch_3"
"Triangle ABA Clinic","Amber Nelms","Amber","amber@triangleaba.com","Raleigh","NC","2","pilot-2026-09-25-live","Quick question about Triangle ABA Clinic's openings in NC","Hi Amber,

I was looking at independent ABA practices in Raleigh and came across Triangle ABA Clinic. 

A lot of clinic owners we talk to with 1–3 locations tell us their biggest bottleneck isn't clinical interest—it's getting predictable commercial-insurance & private-pay inquiries without giving up margins to PE aggregators.

We built an intake & patient growth system specifically for independent practices across your 2 locations. You can see how the intake flow and caseload matching work here:

{{TRACKED_URL_TOUCH_1}}

Do you have 15 minutes this Thursday or Friday to see if this fits your current openings?

Best,
Hudson Argollo
Gold Traffic / ABA Practice Growth","https://abaclinics.clubemkt.digital/aba?lid={{LEAD_ID}}&utm_source=cold_email&utm_medium=email&utm_campaign=pilot-2026-09-25-live&utm_content=touch_1","Re: Triangle ABA Clinic's openings in NC","Hi Amber,

Quick follow-up on my note from earlier this week.

When clinics expand or try to hire new BCBAs, keeping the waitlist warm and converting families at the exact moment a slot opens is usually what keeps rooms full.

We put together a 20-minute discovery breakdown for independent practices:
{{TRACKED_URL_TOUCH_2}}

Would love to share what's working for clinics in NC if you're open to it.

Best,
Hudson","https://abaclinics.clubemkt.digital/aba?lid={{LEAD_ID}}&utm_source=cold_email&utm_medium=email&utm_campaign=pilot-2026-09-25-live&utm_content=touch_2","Filling Triangle ABA Clinic's caseload (NC)","Hi Amber,

I know you're busy running Triangle ABA Clinic. 

If patient intake or waitlist conversion isn't a priority right now, no worries at all. If you ever want to check our 2-minute fit assessment or look at the numbers, you can bookmark this link:

{{TRACKED_URL_TOUCH_3}}

Wishing you and the team continued success in Raleigh!

Best,
Hudson","https://abaclinics.clubemkt.digital/aba?lid={{LEAD_ID}}&utm_source=cold_email&utm_medium=email&utm_campaign=pilot-2026-09-25-live&utm_content=touch_3"
"MAS Behavior Consulting","Megan Sheehan","Megan","megan@masbehavior.com","Raleigh","NC","1","pilot-2026-09-25-live","Quick question about MAS Behavior Consulting's openings in NC","Hi Megan,

I was looking at independent ABA practices in Raleigh and came across MAS Behavior Consulting. 

A lot of clinic owners we talk to with 1–3 locations tell us their biggest bottleneck isn't clinical interest—it's getting predictable commercial-insurance & private-pay inquiries without giving up margins to PE aggregators.

We built an intake & patient growth system specifically for independent practices at MAS Behavior Consulting. You can see how the intake flow and caseload matching work here:

{{TRACKED_URL_TOUCH_1}}

Do you have 15 minutes this Thursday or Friday to see if this fits your current openings?

Best,
Hudson Argollo
Gold Traffic / ABA Practice Growth","https://abaclinics.clubemkt.digital/aba?lid={{LEAD_ID}}&utm_source=cold_email&utm_medium=email&utm_campaign=pilot-2026-09-25-live&utm_content=touch_1","Re: MAS Behavior Consulting's openings in NC","Hi Megan,

Quick follow-up on my note from earlier this week.

When clinics expand or try to hire new BCBAs, keeping the waitlist warm and converting families at the exact moment a slot opens is usually what keeps rooms full.

We put together a 20-minute discovery breakdown for independent practices:
{{TRACKED_URL_TOUCH_2}}

Would love to share what's working for clinics in NC if you're open to it.

Best,
Hudson","https://abaclinics.clubemkt.digital/aba?lid={{LEAD_ID}}&utm_source=cold_email&utm_medium=email&utm_campaign=pilot-2026-09-25-live&utm_content=touch_2","Filling MAS Behavior Consulting's caseload (NC)","Hi Megan,

I know you're busy running MAS Behavior Consulting. 

If patient intake or waitlist conversion isn't a priority right now, no worries at all. If you ever want to check our 2-minute fit assessment or look at the numbers, you can bookmark this link:

{{TRACKED_URL_TOUCH_3}}

Wishing you and the team continued success in Raleigh!

Best,
Hudson","https://abaclinics.clubemkt.digital/aba?lid={{LEAD_ID}}&utm_source=cold_email&utm_medium=email&utm_campaign=pilot-2026-09-25-live&utm_content=touch_3"
"Carolina Center for ABA","Marcus Vance","Marcus","mvance@carolinacenterforaba.com","Charlotte","NC","3","pilot-2026-09-25-live","Quick question about Carolina Center for ABA's openings in NC","Hi Marcus,

I was looking at independent ABA practices in Charlotte and came across Carolina Center for ABA. 

A lot of clinic owners we talk to with 1–3 locations tell us their biggest bottleneck isn't clinical interest—it's getting predictable commercial-insurance & private-pay inquiries without giving up margins to PE aggregators.

We built an intake & patient growth system specifically for independent practices across your 3 locations. You can see how the intake flow and caseload matching work here:

{{TRACKED_URL_TOUCH_1}}

Do you have 15 minutes this Thursday or Friday to see if this fits your current openings?

Best,
Hudson Argollo
Gold Traffic / ABA Practice Growth","https://abaclinics.clubemkt.digital/aba?lid={{LEAD_ID}}&utm_source=cold_email&utm_medium=email&utm_campaign=pilot-2026-09-25-live&utm_content=touch_1","Re: Carolina Center for ABA's openings in NC","Hi Marcus,

Quick follow-up on my note from earlier this week.

When clinics expand or try to hire new BCBAs, keeping the waitlist warm and converting families at the exact moment a slot opens is usually what keeps rooms full.

We put together a 20-minute discovery breakdown for independent practices:
{{TRACKED_URL_TOUCH_2}}

Would love to share what's working for clinics in NC if you're open to it.

Best,
Hudson","https://abaclinics.clubemkt.digital/aba?lid={{LEAD_ID}}&utm_source=cold_email&utm_medium=email&utm_campaign=pilot-2026-09-25-live&utm_content=touch_2","Filling Carolina Center for ABA's caseload (NC)","Hi Marcus,

I know you're busy running Carolina Center for ABA. 

If patient intake or waitlist conversion isn't a priority right now, no worries at all. If you ever want to check our 2-minute fit assessment or look at the numbers, you can bookmark this link:

{{TRACKED_URL_TOUCH_3}}

Wishing you and the team continued success in Charlotte!

Best,
Hudson","https://abaclinics.clubemkt.digital/aba?lid={{LEAD_ID}}&utm_source=cold_email&utm_medium=email&utm_campaign=pilot-2026-09-25-live&utm_content=touch_3"
"Mosaic Pediatric Therapy","Mike Nichols","Mike","mnichols@mosaictherapy.com","Charlotte","NC","4","pilot-2026-09-25-live","Quick question about Mosaic Pediatric Therapy's openings in NC","Hi Mike,

I was looking at independent ABA practices in Charlotte and came across Mosaic Pediatric Therapy. 

A lot of clinic owners we talk to with 1–4 locations tell us their biggest bottleneck isn't clinical interest—it's getting predictable commercial-insurance & private-pay inquiries without giving up margins to PE aggregators.

We built an intake & patient growth system specifically for independent practices across your 4 locations. You can see how the intake flow and caseload matching work here:

{{TRACKED_URL_TOUCH_1}}

Do you have 15 minutes this Thursday or Friday to see if this fits your current openings?

Best,
Hudson Argollo
Gold Traffic / ABA Practice Growth","https://abaclinics.clubemkt.digital/aba?lid={{LEAD_ID}}&utm_source=cold_email&utm_medium=email&utm_campaign=pilot-2026-09-25-live&utm_content=touch_1","Re: Mosaic Pediatric Therapy's openings in NC","Hi Mike,

Quick follow-up on my note from earlier this week.

When clinics expand or try to hire new BCBAs, keeping the waitlist warm and converting families at the exact moment a slot opens is usually what keeps rooms full.

We put together a 20-minute discovery breakdown for independent practices:
{{TRACKED_URL_TOUCH_2}}

Would love to share what's working for clinics in NC if you're open to it.

Best,
Hudson","https://abaclinics.clubemkt.digital/aba?lid={{LEAD_ID}}&utm_source=cold_email&utm_medium=email&utm_campaign=pilot-2026-09-25-live&utm_content=touch_2","Filling Mosaic Pediatric Therapy's caseload (NC)","Hi Mike,

I know you're busy running Mosaic Pediatric Therapy. 

If patient intake or waitlist conversion isn't a priority right now, no worries at all. If you ever want to check our 2-minute fit assessment or look at the numbers, you can bookmark this link:

{{TRACKED_URL_TOUCH_3}}

Wishing you and the team continued success in Charlotte!

Best,
Hudson","https://abaclinics.clubemkt.digital/aba?lid={{LEAD_ID}}&utm_source=cold_email&utm_medium=email&utm_campaign=pilot-2026-09-25-live&utm_content=touch_3"
"Budding Futures ABA","Mark Hirsch","Mark","mark@buddingfuturesaba.com","Denver","CO","1","pilot-2026-09-25-live","Quick question about Budding Futures ABA's openings in CO","Hi Mark,

I was looking at independent ABA practices in Denver and came across Budding Futures ABA. 

A lot of clinic owners we talk to with 1–3 locations tell us their biggest bottleneck isn't clinical interest—it's getting predictable commercial-insurance & private-pay inquiries without giving up margins to PE aggregators.

We built an intake & patient growth system specifically for independent practices at Budding Futures ABA. You can see how the intake flow and caseload matching work here:

{{TRACKED_URL_TOUCH_1}}

Do you have 15 minutes this Thursday or Friday to see if this fits your current openings?

Best,
Hudson Argollo
Gold Traffic / ABA Practice Growth","https://abaclinics.clubemkt.digital/aba?lid={{LEAD_ID}}&utm_source=cold_email&utm_medium=email&utm_campaign=pilot-2026-09-25-live&utm_content=touch_1","Re: Budding Futures ABA's openings in CO","Hi Mark,

Quick follow-up on my note from earlier this week.

When clinics expand or try to hire new BCBAs, keeping the waitlist warm and converting families at the exact moment a slot opens is usually what keeps rooms full.

We put together a 20-minute discovery breakdown for independent practices:
{{TRACKED_URL_TOUCH_2}}

Would love to share what's working for clinics in CO if you're open to it.

Best,
Hudson","https://abaclinics.clubemkt.digital/aba?lid={{LEAD_ID}}&utm_source=cold_email&utm_medium=email&utm_campaign=pilot-2026-09-25-live&utm_content=touch_2","Filling Budding Futures ABA's caseload (CO)","Hi Mark,

I know you're busy running Budding Futures ABA. 

If patient intake or waitlist conversion isn't a priority right now, no worries at all. If you ever want to check our 2-minute fit assessment or look at the numbers, you can bookmark this link:

{{TRACKED_URL_TOUCH_3}}

Wishing you and the team continued success in Denver!

Best,
Hudson","https://abaclinics.clubemkt.digital/aba?lid={{LEAD_ID}}&utm_source=cold_email&utm_medium=email&utm_campaign=pilot-2026-09-25-live&utm_content=touch_3"
"BehaviorSpan Autism Center","Dr. J.J. Tomash","Dr.","jj@behaviorspan.com","Denver","CO","2","pilot-2026-09-25-live","Quick question about BehaviorSpan Autism Center's openings in CO","Hi Dr.,

I was looking at independent ABA practices in Denver and came across BehaviorSpan Autism Center. 

A lot of clinic owners we talk to with 1–3 locations tell us their biggest bottleneck isn't clinical interest—it's getting predictable commercial-insurance & private-pay inquiries without giving up margins to PE aggregators.

We built an intake & patient growth system specifically for independent practices across your 2 locations. You can see how the intake flow and caseload matching work here:

{{TRACKED_URL_TOUCH_1}}

Do you have 15 minutes this Thursday or Friday to see if this fits your current openings?

Best,
Hudson Argollo
Gold Traffic / ABA Practice Growth","https://abaclinics.clubemkt.digital/aba?lid={{LEAD_ID}}&utm_source=cold_email&utm_medium=email&utm_campaign=pilot-2026-09-25-live&utm_content=touch_1","Re: BehaviorSpan Autism Center's openings in CO","Hi Dr.,

Quick follow-up on my note from earlier this week.

When clinics expand or try to hire new BCBAs, keeping the waitlist warm and converting families at the exact moment a slot opens is usually what keeps rooms full.

We put together a 20-minute discovery breakdown for independent practices:
{{TRACKED_URL_TOUCH_2}}

Would love to share what's working for clinics in CO if you're open to it.

Best,
Hudson","https://abaclinics.clubemkt.digital/aba?lid={{LEAD_ID}}&utm_source=cold_email&utm_medium=email&utm_campaign=pilot-2026-09-25-live&utm_content=touch_2","Filling BehaviorSpan Autism Center's caseload (CO)","Hi Dr.,

I know you're busy running BehaviorSpan Autism Center. 

If patient intake or waitlist conversion isn't a priority right now, no worries at all. If you ever want to check our 2-minute fit assessment or look at the numbers, you can bookmark this link:

{{TRACKED_URL_TOUCH_3}}

Wishing you and the team continued success in Denver!

Best,
Hudson","https://abaclinics.clubemkt.digital/aba?lid={{LEAD_ID}}&utm_source=cold_email&utm_medium=email&utm_campaign=pilot-2026-09-25-live&utm_content=touch_3"
"ContextABA Therapy","Larisa Sheperd","Larisa","larisa@contextaba.com","Denver","CO","1","pilot-2026-09-25-live","Quick question about ContextABA Therapy's openings in CO","Hi Larisa,

I was looking at independent ABA practices in Denver and came across ContextABA Therapy. 

A lot of clinic owners we talk to with 1–3 locations tell us their biggest bottleneck isn't clinical interest—it's getting predictable commercial-insurance & private-pay inquiries without giving up margins to PE aggregators.

We built an intake & patient growth system specifically for independent practices at ContextABA Therapy. You can see how the intake flow and caseload matching work here:

{{TRACKED_URL_TOUCH_1}}

Do you have 15 minutes this Thursday or Friday to see if this fits your current openings?

Best,
Hudson Argollo
Gold Traffic / ABA Practice Growth","https://abaclinics.clubemkt.digital/aba?lid={{LEAD_ID}}&utm_source=cold_email&utm_medium=email&utm_campaign=pilot-2026-09-25-live&utm_content=touch_1","Re: ContextABA Therapy's openings in CO","Hi Larisa,

Quick follow-up on my note from earlier this week.

When clinics expand or try to hire new BCBAs, keeping the waitlist warm and converting families at the exact moment a slot opens is usually what keeps rooms full.

We put together a 20-minute discovery breakdown for independent practices:
{{TRACKED_URL_TOUCH_2}}

Would love to share what's working for clinics in CO if you're open to it.

Best,
Hudson","https://abaclinics.clubemkt.digital/aba?lid={{LEAD_ID}}&utm_source=cold_email&utm_medium=email&utm_campaign=pilot-2026-09-25-live&utm_content=touch_2","Filling ContextABA Therapy's caseload (CO)","Hi Larisa,

I know you're busy running ContextABA Therapy. 

If patient intake or waitlist conversion isn't a priority right now, no worries at all. If you ever want to check our 2-minute fit assessment or look at the numbers, you can bookmark this link:

{{TRACKED_URL_TOUCH_3}}

Wishing you and the team continued success in Denver!

Best,
Hudson","https://abaclinics.clubemkt.digital/aba?lid={{LEAD_ID}}&utm_source=cold_email&utm_medium=email&utm_campaign=pilot-2026-09-25-live&utm_content=touch_3"
"Myers Assessment & Therapeutic Services","Ajah Myers","Ajah","ajah@myersassessment.com","Tyrone","GA","2","pilot-2026-09-25-live","Quick question about Myers Assessment & Therapeutic Services's openings in GA","Hi Ajah,

I was looking at independent ABA practices in Tyrone and came across Myers Assessment & Therapeutic Services. 

A lot of clinic owners we talk to with 1–3 locations tell us their biggest bottleneck isn't clinical interest—it's getting predictable commercial-insurance & private-pay inquiries without giving up margins to PE aggregators.

We built an intake & patient growth system specifically for independent practices across your 2 locations. You can see how the intake flow and caseload matching work here:

{{TRACKED_URL_TOUCH_1}}

Do you have 15 minutes this Thursday or Friday to see if this fits your current openings?

Best,
Hudson Argollo
Gold Traffic / ABA Practice Growth","https://abaclinics.clubemkt.digital/aba?lid={{LEAD_ID}}&utm_source=cold_email&utm_medium=email&utm_campaign=pilot-2026-09-25-live&utm_content=touch_1","Re: Myers Assessment & Therapeutic Services's openings in GA","Hi Ajah,

Quick follow-up on my note from earlier this week.

When clinics expand or try to hire new BCBAs, keeping the waitlist warm and converting families at the exact moment a slot opens is usually what keeps rooms full.

We put together a 20-minute discovery breakdown for independent practices:
{{TRACKED_URL_TOUCH_2}}

Would love to share what's working for clinics in GA if you're open to it.

Best,
Hudson","https://abaclinics.clubemkt.digital/aba?lid={{LEAD_ID}}&utm_source=cold_email&utm_medium=email&utm_campaign=pilot-2026-09-25-live&utm_content=touch_2","Filling Myers Assessment & Therapeutic Services's caseload (GA)","Hi Ajah,

I know you're busy running Myers Assessment & Therapeutic Services. 

If patient intake or waitlist conversion isn't a priority right now, no worries at all. If you ever want to check our 2-minute fit assessment or look at the numbers, you can bookmark this link:

{{TRACKED_URL_TOUCH_3}}

Wishing you and the team continued success in Tyrone!

Best,
Hudson","https://abaclinics.clubemkt.digital/aba?lid={{LEAD_ID}}&utm_source=cold_email&utm_medium=email&utm_campaign=pilot-2026-09-25-live&utm_content=touch_3"
"Early Autism Project - Atlanta","Sarah Miller","Sarah","smiller@earlyautismproject.com","Atlanta","GA","3","pilot-2026-09-25-live","Quick question about Early Autism Project - Atlanta's openings in GA","Hi Sarah,

I was looking at independent ABA practices in Atlanta and came across Early Autism Project - Atlanta. 

A lot of clinic owners we talk to with 1–3 locations tell us their biggest bottleneck isn't clinical interest—it's getting predictable commercial-insurance & private-pay inquiries without giving up margins to PE aggregators.

We built an intake & patient growth system specifically for independent practices across your 3 locations. You can see how the intake flow and caseload matching work here:

{{TRACKED_URL_TOUCH_1}}

Do you have 15 minutes this Thursday or Friday to see if this fits your current openings?

Best,
Hudson Argollo
Gold Traffic / ABA Practice Growth","https://abaclinics.clubemkt.digital/aba?lid={{LEAD_ID}}&utm_source=cold_email&utm_medium=email&utm_campaign=pilot-2026-09-25-live&utm_content=touch_1","Re: Early Autism Project - Atlanta's openings in GA","Hi Sarah,

Quick follow-up on my note from earlier this week.

When clinics expand or try to hire new BCBAs, keeping the waitlist warm and converting families at the exact moment a slot opens is usually what keeps rooms full.

We put together a 20-minute discovery breakdown for independent practices:
{{TRACKED_URL_TOUCH_2}}

Would love to share what's working for clinics in GA if you're open to it.

Best,
Hudson","https://abaclinics.clubemkt.digital/aba?lid={{LEAD_ID}}&utm_source=cold_email&utm_medium=email&utm_campaign=pilot-2026-09-25-live&utm_content=touch_2","Filling Early Autism Project - Atlanta's caseload (GA)","Hi Sarah,

I know you're busy running Early Autism Project - Atlanta. 

If patient intake or waitlist conversion isn't a priority right now, no worries at all. If you ever want to check our 2-minute fit assessment or look at the numbers, you can bookmark this link:

{{TRACKED_URL_TOUCH_3}}

Wishing you and the team continued success in Atlanta!

Best,
Hudson","https://abaclinics.clubemkt.digital/aba?lid={{LEAD_ID}}&utm_source=cold_email&utm_medium=email&utm_campaign=pilot-2026-09-25-live&utm_content=touch_3"
"Dominion Behavioral Health","Dr. Gregory Scott","Dr.","gscott@dominionbehavioral.com","Richmond","VA","2","pilot-2026-09-25-live","Quick question about Dominion Behavioral Health's openings in VA","Hi Dr.,

I was looking at independent ABA practices in Richmond and came across Dominion Behavioral Health. 

A lot of clinic owners we talk to with 1–3 locations tell us their biggest bottleneck isn't clinical interest—it's getting predictable commercial-insurance & private-pay inquiries without giving up margins to PE aggregators.

We built an intake & patient growth system specifically for independent practices across your 2 locations. You can see how the intake flow and caseload matching work here:

{{TRACKED_URL_TOUCH_1}}

Do you have 15 minutes this Thursday or Friday to see if this fits your current openings?

Best,
Hudson Argollo
Gold Traffic / ABA Practice Growth","https://abaclinics.clubemkt.digital/aba?lid={{LEAD_ID}}&utm_source=cold_email&utm_medium=email&utm_campaign=pilot-2026-09-25-live&utm_content=touch_1","Re: Dominion Behavioral Health's openings in VA","Hi Dr.,

Quick follow-up on my note from earlier this week.

When clinics expand or try to hire new BCBAs, keeping the waitlist warm and converting families at the exact moment a slot opens is usually what keeps rooms full.

We put together a 20-minute discovery breakdown for independent practices:
{{TRACKED_URL_TOUCH_2}}

Would love to share what's working for clinics in VA if you're open to it.

Best,
Hudson","https://abaclinics.clubemkt.digital/aba?lid={{LEAD_ID}}&utm_source=cold_email&utm_medium=email&utm_campaign=pilot-2026-09-25-live&utm_content=touch_2","Filling Dominion Behavioral Health's caseload (VA)","Hi Dr.,

I know you're busy running Dominion Behavioral Health. 

If patient intake or waitlist conversion isn't a priority right now, no worries at all. If you ever want to check our 2-minute fit assessment or look at the numbers, you can bookmark this link:

{{TRACKED_URL_TOUCH_3}}

Wishing you and the team continued success in Richmond!

Best,
Hudson","https://abaclinics.clubemkt.digital/aba?lid={{LEAD_ID}}&utm_source=cold_email&utm_medium=email&utm_campaign=pilot-2026-09-25-live&utm_content=touch_3"
"Chesapeake Center for ABA","Rachel Hughes","Rachel","rhughes@chesapeakeaba.com","Bethesda","MD","2","pilot-2026-09-25-live","Quick question about Chesapeake Center for ABA's openings in MD","Hi Rachel,

I was looking at independent ABA practices in Bethesda and came across Chesapeake Center for ABA. 

A lot of clinic owners we talk to with 1–3 locations tell us their biggest bottleneck isn't clinical interest—it's getting predictable commercial-insurance & private-pay inquiries without giving up margins to PE aggregators.

We built an intake & patient growth system specifically for independent practices across your 2 locations. You can see how the intake flow and caseload matching work here:

{{TRACKED_URL_TOUCH_1}}

Do you have 15 minutes this Thursday or Friday to see if this fits your current openings?

Best,
Hudson Argollo
Gold Traffic / ABA Practice Growth","https://abaclinics.clubemkt.digital/aba?lid={{LEAD_ID}}&utm_source=cold_email&utm_medium=email&utm_campaign=pilot-2026-09-25-live&utm_content=touch_1","Re: Chesapeake Center for ABA's openings in MD","Hi Rachel,

Quick follow-up on my note from earlier this week.

When clinics expand or try to hire new BCBAs, keeping the waitlist warm and converting families at the exact moment a slot opens is usually what keeps rooms full.

We put together a 20-minute discovery breakdown for independent practices:
{{TRACKED_URL_TOUCH_2}}

Would love to share what's working for clinics in MD if you're open to it.

Best,
Hudson","https://abaclinics.clubemkt.digital/aba?lid={{LEAD_ID}}&utm_source=cold_email&utm_medium=email&utm_campaign=pilot-2026-09-25-live&utm_content=touch_2","Filling Chesapeake Center for ABA's caseload (MD)","Hi Rachel,

I know you're busy running Chesapeake Center for ABA. 

If patient intake or waitlist conversion isn't a priority right now, no worries at all. If you ever want to check our 2-minute fit assessment or look at the numbers, you can bookmark this link:

{{TRACKED_URL_TOUCH_3}}

Wishing you and the team continued success in Bethesda!

Best,
Hudson","https://abaclinics.clubemkt.digital/aba?lid={{LEAD_ID}}&utm_source=cold_email&utm_medium=email&utm_campaign=pilot-2026-09-25-live&utm_content=touch_3"
"Chicago Pediatric Therapy & ABA","Karen O'Flaherty","Karen","karen@chicagopediatrictherapy.com","Chicago","IL","2","pilot-2026-09-25-live","Quick question about Chicago Pediatric Therapy & ABA's openings in IL","Hi Karen,

I was looking at independent ABA practices in Chicago and came across Chicago Pediatric Therapy & ABA. 

A lot of clinic owners we talk to with 1–3 locations tell us their biggest bottleneck isn't clinical interest—it's getting predictable commercial-insurance & private-pay inquiries without giving up margins to PE aggregators.

We built an intake & patient growth system specifically for independent practices across your 2 locations. You can see how the intake flow and caseload matching work here:

{{TRACKED_URL_TOUCH_1}}

Do you have 15 minutes this Thursday or Friday to see if this fits your current openings?

Best,
Hudson Argollo
Gold Traffic / ABA Practice Growth","https://abaclinics.clubemkt.digital/aba?lid={{LEAD_ID}}&utm_source=cold_email&utm_medium=email&utm_campaign=pilot-2026-09-25-live&utm_content=touch_1","Re: Chicago Pediatric Therapy & ABA's openings in IL","Hi Karen,

Quick follow-up on my note from earlier this week.

When clinics expand or try to hire new BCBAs, keeping the waitlist warm and converting families at the exact moment a slot opens is usually what keeps rooms full.

We put together a 20-minute discovery breakdown for independent practices:
{{TRACKED_URL_TOUCH_2}}

Would love to share what's working for clinics in IL if you're open to it.

Best,
Hudson","https://abaclinics.clubemkt.digital/aba?lid={{LEAD_ID}}&utm_source=cold_email&utm_medium=email&utm_campaign=pilot-2026-09-25-live&utm_content=touch_2","Filling Chicago Pediatric Therapy & ABA's caseload (IL)","Hi Karen,

I know you're busy running Chicago Pediatric Therapy & ABA. 

If patient intake or waitlist conversion isn't a priority right now, no worries at all. If you ever want to check our 2-minute fit assessment or look at the numbers, you can bookmark this link:

{{TRACKED_URL_TOUCH_3}}

Wishing you and the team continued success in Chicago!

Best,
Hudson","https://abaclinics.clubemkt.digital/aba?lid={{LEAD_ID}}&utm_source=cold_email&utm_medium=email&utm_campaign=pilot-2026-09-25-live&utm_content=touch_3"